"Family","Instance","Method","CutType","Time","Gap","Cuts","Status"
"FLCAP","cap61","C","C","0.06","0","48","Opt"
"FLCAP","cap61","MIS","MIS","0.31","5.217374","156","TL"
"FLCAP","cap61","MW","MW","0.03","2.289895","14","TL"
"FLCAP","cap61","CW","CW","0.08","0","38","Opt"
"FLCAP","cap61","Lp","Lp","0.05","0.049667","12","Opt"
"FLCAP","cap61","RED","RiemannED","0.05","0","5","Opt"
"FLCAP","cap61","RNm","RiemannNorm","0.05","0","5","Opt"
"FLCAP","cap61","QRNm","QRiemannNorm","0.05","0","5","Opt"
"FLCAP","cap62","C","C","0.03","0.03181","66","Opt"
"FLCAP","cap62","MIS","MIS","0.17","6.494746","112","TL"
"FLCAP","cap62","MW","MW","0.05","2.913389","14","TL"
"FLCAP","cap62","CW","CW","0.08","0.158361","32","Good"
"FLCAP","cap62","Lp","Lp","0.05","0.044016","13","Opt"
"FLCAP","cap62","RED","RiemannED","0.06","0","8","Opt"
"FLCAP","cap62","RNm","RiemannNorm","0.06","0","8","Opt"
"FLCAP","cap62","QRNm","QRiemannNorm","0.06","0","9","Opt"
"FLCAP","cap63","C","C","0.06","0.09012","111","Opt"
"FLCAP","cap63","MIS","MIS","0.2","9.265084","114","TL"
"FLCAP","cap63","MW","MW","0.03","3.281142","12","TL"
"FLCAP","cap63","CW","CW","0.11","0.171163","50","Good"
"FLCAP","cap63","Lp","Lp","0.06","0.096789","26","Opt"
"FLCAP","cap63","RED","RiemannED","0.08","0.075197","10","Opt"
"FLCAP","cap63","RNm","RiemannNorm","0.08","0.075197","10","Opt"
"FLCAP","cap63","QRNm","QRiemannNorm","0.08","0.053384","8","Opt"
"FLCAP","cap64","C","C","0.06","0.048184","90","Opt"
"FLCAP","cap64","MIS","MIS","0.09","9.541445","64","TL"
"FLCAP","cap64","MW","MW","0.05","9.090386","12","TL"
"FLCAP","cap64","CW","CW","0.06","64.409989","10","TL"
"FLCAP","cap64","Lp","Lp","0.06","0.099861","28","Opt"
"FLCAP","cap64","RED","RiemannED","0.06","0","9","Opt"
"FLCAP","cap64","RNm","RiemannNorm","0.06","0","9","Opt"
"FLCAP","cap64","QRNm","QRiemannNorm","0.08","0","11","Opt"
"FLCAP","cap71","C","C","0.03","0","60","Opt"
"FLCAP","cap71","MIS","MIS","1.66","5.002528","2154","TL"
"FLCAP","cap71","MW","MW","0.02","2.078771","10","TL"
"FLCAP","cap71","CW","CW","0.03","0.092371","20","Opt"
"FLCAP","cap71","Lp","Lp","0.03","0","11","Opt"
"FLCAP","cap71","RED","RiemannED","0.05","0.051033","8","Opt"
"FLCAP","cap71","RNm","RiemannNorm","0.03","0","8","Opt"
"FLCAP","cap71","QRNm","QRiemannNorm","0.03","0","6","Opt"
"FLCAP","cap72","C","C","0.02","0","66","Opt"
"FLCAP","cap72","MIS","MIS","0.3","6.956962","418","TL"
"FLCAP","cap72","MW","MW","0.02","3.676292","10","TL"
"FLCAP","cap72","CW","CW","0.05","0","22","Opt"
"FLCAP","cap72","Lp","Lp","0.03","0.089838","13","Opt"
"FLCAP","cap72","RED","RiemannED","0.03","0","6","Opt"
"FLCAP","cap72","RNm","RiemannNorm","0.03","0","7","Opt"
"FLCAP","cap72","QRNm","QRiemannNorm","0.03","0","5","Opt"
"FLCAP","cap73","C","C","0.03","0.076044","75","Opt"
"FLCAP","cap73","MIS","MIS","0.14","8.466039","196","TL"
"FLCAP","cap73","MW","MW","0.02","5.1353","12","TL"
"FLCAP","cap73","CW","CW","0.09","0.096032","70","Opt"
"FLCAP","cap73","Lp","Lp","0.05","0","19","Opt"
"FLCAP","cap73","RED","RiemannED","0.05","0","6","Opt"
"FLCAP","cap73","RNm","RiemannNorm","0.03","0","8","Opt"
"FLCAP","cap73","QRNm","QRiemannNorm","0.03","0","5","Opt"
"FLCAP","cap74","C","C","0.01","0.086962","57","Opt"
"FLCAP","cap74","MIS","MIS","0.19","8.58998","256","TL"
"FLCAP","cap74","MW","MW","0.03","2.862759","10","TL"
"FLCAP","cap74","CW","CW","0.09","0","50","Opt"
"FLCAP","cap74","Lp","Lp","0.03","0.082369","15","Opt"
"FLCAP","cap74","RED","RiemannED","0.03","0","6","Opt"
"FLCAP","cap74","RNm","RiemannNorm","0.03","0","9","Opt"
"FLCAP","cap74","QRNm","QRiemannNorm","0.03","0","5","Opt"
"FLCAP","cap91","C","C","0.06","0.081731","96","Opt"
"FLCAP","cap91","MIS","MIS","82.36","9.981193","5932","TL"
"FLCAP","cap91","MW","MW","0.12","8.335688","22","TL"
"FLCAP","cap91","CW","CW","0.24","0.077691","68","Opt"
"FLCAP","cap91","Lp","Lp","0.05","0.089307","20","Opt"
"FLCAP","cap91","RED","RiemannED","0.03","0","6","Opt"
"FLCAP","cap91","RNm","RiemannNorm","0.05","0","6","Opt"
"FLCAP","cap91","QRNm","QRiemannNorm","0.08","0","10","Opt"
"FLCAP","cap92","C","C","0.09","0.078781","141","Opt"
"FLCAP","cap92","MIS","MIS","5.92","12.756032","742","TL"
"FLCAP","cap92","MW","MW","0.11","8.859998","22","TL"
"FLCAP","cap92","CW","CW","0.2","0.087261","60","Opt"
"FLCAP","cap92","Lp","Lp","0.16","0.098271","62","Opt"
"FLCAP","cap92","RED","RiemannED","0.08","0.078377","10","Opt"
"FLCAP","cap92","RNm","RiemannNorm","0.09","0.078377","10","Opt"
"FLCAP","cap92","QRNm","QRiemannNorm","0.11","0.086334","13","Opt"
"FLCAP","cap93","C","C","0.19","0.061956","228","Opt"
"FLCAP","cap93","MIS","MIS","2.5","13.414051","736","TL"
"FLCAP","cap93","MW","MW","0.17","15.83467","24","TL"
"FLCAP","cap93","CW","CW","0.31","0.090225","106","Opt"
"FLCAP","cap93","Lp","Lp","0.14","0.083249","51","Opt"
"FLCAP","cap93","RED","RiemannED","0.08","0.095277","8","Opt"
"FLCAP","cap93","RNm","RiemannNorm","0.08","0.095277","8","Opt"
"FLCAP","cap93","QRNm","QRiemannNorm","0.14","0.05932","11","Opt"
"FLCAP","cap94","C","C","0.17","0.06815","210","Opt"
"FLCAP","cap94","MIS","MIS","0.45","15.681503","208","TL"
"FLCAP","cap94","MW","MW","0.16","11.75962","22","TL"
"FLCAP","cap94","CW","CW","0.31","0.133838","122","Good"
"FLCAP","cap94","Lp","Lp","0.16","0.096072","53","Opt"
"FLCAP","cap94","RED","RiemannED","0.12","0.0841","12","Opt"
"FLCAP","cap94","RNm","RiemannNorm","0.11","0.0841","12","Opt"
"FLCAP","cap94","QRNm","QRiemannNorm","0.12","0.096322","13","Opt"
"FLCAP","cap101","C","C","0.06","0.07011","141","Opt"
"FLCAP","cap101","MIS","MIS","500.06","10.089136","35418","TL"
"FLCAP","cap101","MW","MW","0.17","13.013594","16","TL"
"FLCAP","cap101","CW","CW","0.19","0.042868","46","Opt"
"FLCAP","cap101","Lp","Lp","0.06","0.059433","24","Opt"
"FLCAP","cap101","RED","RiemannED","0.06","0","9","Opt"
"FLCAP","cap101","RNm","RiemannNorm","0.06","0","9","Opt"
"FLCAP","cap101","QRNm","QRiemannNorm","0.05","0","8","Opt"
"FLCAP","cap102","C","C","0.09","0.071046","174","Opt"
"FLCAP","cap102","MIS","MIS","500.03","12.240106","31386","TL"
"FLCAP","cap102","MW","MW","0.17","11.239667","14","TL"
"FLCAP","cap102","CW","CW","0.23","0.045603","72","Opt"
"FLCAP","cap102","Lp","Lp","0.09","0.098921","39","Opt"
"FLCAP","cap102","RED","RiemannED","0.06","0.080262","7","Opt"
"FLCAP","cap102","RNm","RiemannNorm","0.05","0.080262","7","Opt"
"FLCAP","cap102","QRNm","QRiemannNorm","0.05","0","8","Opt"
"FLCAP","cap103","C","C","0.06","0.097223","123","Opt"
"FLCAP","cap103","MIS","MIS","45.78","13.623494","8852","TL"
"FLCAP","cap103","MW","MW","0.17","6.938341","16","TL"
"FLCAP","cap103","CW","CW","0.34","0.093035","114","Opt"
"FLCAP","cap103","Lp","Lp","0.06","0.08453","25","Opt"
"FLCAP","cap103","RED","RiemannED","0.05","0","7","Opt"
"FLCAP","cap103","RNm","RiemannNorm","0.06","0","7","Opt"
"FLCAP","cap103","QRNm","QRiemannNorm","0.06","0.06775","8","Opt"
"FLCAP","cap104","C","C","0.06","0","102","Opt"
"FLCAP","cap104","MIS","MIS","8.61","15.105744","3236","TL"
"FLCAP","cap104","MW","MW","0.22","1.952031","24","TL"
"FLCAP","cap104","CW","CW","0.38","0.068531","68","Opt"
"FLCAP","cap104","Lp","Lp","0.05","0","15","Opt"
"FLCAP","cap104","RED","RiemannED","0.06","0","7","Opt"
"FLCAP","cap104","RNm","RiemannNorm","0.08","0","11","Opt"
"FLCAP","cap104","QRNm","QRiemannNorm","0.08","0","7","Opt"
"FLCAP","cap121","C","C","0.47","0.099664","303","Opt"
"FLCAP","cap121","MIS","MIS","500.03","10.92667","15460","TL"
"FLCAP","cap121","MW","MW","0.5","9.204212","30","TL"
"FLCAP","cap121","CW","CW","0.8","0.098013","110","Opt"
"FLCAP","cap121","Lp","Lp","0.24","0.099978","63","Opt"
"FLCAP","cap121","RED","RiemannED","0.14","0","11","Opt"
"FLCAP","cap121","RNm","RiemannNorm","0.12","0","11","Opt"
"FLCAP","cap121","QRNm","QRiemannNorm","0.11","0.029001","9","Opt"
"FLCAP","cap122","C","C","0.51","0.099459","300","Opt"
"FLCAP","cap122","MIS","MIS","500.02","13.785319","10280","TL"
"FLCAP","cap122","MW","MW","0.5","26.419156","28","TL"
"FLCAP","cap122","CW","CW","0.81","0.096667","114","Opt"
"FLCAP","cap122","Lp","Lp","0.39","0.096616","103","Opt"
"FLCAP","cap122","RED","RiemannED","0.19","0.05377","13","Opt"
"FLCAP","cap122","RNm","RiemannNorm","0.19","0.05377","13","Opt"
"FLCAP","cap122","QRNm","QRiemannNorm","0.16","0.076329","12","Opt"
"FLCAP","cap123","C","C","0.61","0.08098","297","Opt"
"FLCAP","cap123","MIS","MIS","414.03","15.484841","3448","TL"
"FLCAP","cap123","MW","MW","0.64","21.637481","34","TL"
"FLCAP","cap123","CW","CW","1.06","0.099176","116","Opt"
"FLCAP","cap123","Lp","Lp","0.55","0.099968","147","Opt"
"FLCAP","cap123","RED","RiemannED","0.16","0.097018","12","Opt"
"FLCAP","cap123","RNm","RiemannNorm","0.16","0.097018","12","Opt"
"FLCAP","cap123","QRNm","QRiemannNorm","0.16","0.074825","13","Opt"
"FLCAP","cap124","C","C","0.8","0.099948","321","Opt"
"FLCAP","cap124","MIS","MIS","79","17.721171","968","TL"
"FLCAP","cap124","MW","MW","0.55","20.204329","26","TL"
"FLCAP","cap124","CW","CW","1.75","0.315793","146","Good"
"FLCAP","cap124","Lp","Lp","0.36","0.099764","99","Opt"
"FLCAP","cap124","RED","RiemannED","0.17","0.097024","15","Opt"
"FLCAP","cap124","RNm","RiemannNorm","0.17","0.097024","15","Opt"
"FLCAP","cap124","QRNm","QRiemannNorm","0.17","0.079474","11","Opt"
"FLCAP","cap131","C","C","1.61","0.099951","744","Opt"
"FLCAP","cap131","MIS","MIS","500.06","12.264949","29828","TL"
"FLCAP","cap131","MW","MW","0.91","9.624795","20","TL"
"FLCAP","cap131","CW","CW","0.89","0.017965","106","Opt"
"FLCAP","cap131","Lp","Lp","0.23","0.097616","68","Opt"
"FLCAP","cap131","RED","RiemannED","0.16","0","11","Opt"
"FLCAP","cap131","RNm","RiemannNorm","0.14","0","11","Opt"
"FLCAP","cap131","QRNm","QRiemannNorm","0.11","0","8","Opt"
"FLCAP","cap132","C","C","1.31","0.099672","567","Opt"
"FLCAP","cap132","MIS","MIS","500.03","14.229404","23688","TL"
"FLCAP","cap132","MW","MW","0.81","12.964236","18","TL"
"FLCAP","cap132","CW","CW","1","0.099281","116","Opt"
"FLCAP","cap132","Lp","Lp","0.17","0.092122","59","Opt"
"FLCAP","cap132","RED","RiemannED","0.11","0","11","Opt"
"FLCAP","cap132","RNm","RiemannNorm","0.09","0","11","Opt"
"FLCAP","cap132","QRNm","QRiemannNorm","0.12","0.011053","10","Opt"
"FLCAP","cap133","C","C","2.22","0.099972","495","Opt"
"FLCAP","cap133","MIS","MIS","500.06","16.607259","23122","TL"
"FLCAP","cap133","MW","MW","0.7","12.869692","20","TL"
"FLCAP","cap133","CW","CW","0.91","0.091203","92","Opt"
"FLCAP","cap133","Lp","Lp","0.11","0.059871","42","Opt"
"FLCAP","cap133","RED","RiemannED","0.08","0.075275","11","Opt"
"FLCAP","cap133","RNm","RiemannNorm","0.08","0.075275","11","Opt"
"FLCAP","cap133","QRNm","QRiemannNorm","0.11","0.002317","13","Opt"
"FLCAP","cap134","C","C","0.97","0.099512","447","Opt"
"FLCAP","cap134","MIS","MIS","500.06","17.832659","18526","TL"
"FLCAP","cap134","MW","MW","0.92","25.132681","18","TL"
"FLCAP","cap134","CW","CW","0.99","0.055956","74","Opt"
"FLCAP","cap134","Lp","Lp","0.05","0.088974","18","Opt"
"FLCAP","cap134","RED","RiemannED","0.06","0.04635","8","Opt"
"FLCAP","cap134","RNm","RiemannNorm","0.06","0.04635","8","Opt"
"FLCAP","cap134","QRNm","QRiemannNorm","0.09","0","8","Opt"
"FLCAP","capa1","C","C","232.67","0.098908","258","Opt"
"FLCAP","capa1","MIS","MIS","157.12","48.058489","28","TL"
"FLCAP","capa1","MW","MW","49.41","44.182073","16","TL"
"FLCAP","capa1","CW","CW","15.75","68.839271","0","TL"
"FLCAP","capa1","Lp","Lp","24.72","0.098999","96","Opt"
"FLCAP","capa1","RED","RiemannED","38.69","0.099369","66","Opt"
"FLCAP","capa1","RNm","RiemannNorm","39.45","0.099369","66","Opt"
"FLCAP","capa1","QRNm","QRiemannNorm","46.56","0.098554","73","Opt"
"FLCAP","capa2","C","C","188.31","0.096781","252","Opt"
"FLCAP","capa2","MIS","MIS","503.66","49.883205","74","TL"
"FLCAP","capa2","MW","MW","49.5","39.993897","12","TL"
"FLCAP","capa2","CW","CW","98.75","70.661647","0","TL"
"FLCAP","capa2","Lp","Lp","12.98","0.099699","41","Opt"
"FLCAP","capa2","RED","RiemannED","22.33","0.099519","36","Opt"
"FLCAP","capa2","RNm","RiemannNorm","22.41","0.099519","36","Opt"
"FLCAP","capa2","QRNm","QRiemannNorm","20.45","0.096676","36","Opt"
"FLCAP","capa3","C","C","140.56","0.040827","165","Opt"
"FLCAP","capa3","MIS","MIS","507.66","49.995048","68","TL"
"FLCAP","capa3","MW","MW","77.78","45.163259","20","TL"
"FLCAP","capa3","CW","CW","84.81","66.191411","0","TL"
"FLCAP","capa3","Lp","Lp","7.41","0.099329","37","Opt"
"FLCAP","capa3","RED","RiemannED","18.73","0.086817","27","Opt"
"FLCAP","capa3","RNm","RiemannNorm","18.55","0.086817","27","Opt"
"FLCAP","capa3","QRNm","QRiemannNorm","13.27","0.099503","20","Opt"
"FLCAP","capa4","C","C","196.47","0.062896","147","Opt"
"FLCAP","capa4","MIS","MIS","511.88","48.489605","64","TL"
"FLCAP","capa4","MW","MW","58.41","45.145761","12","TL"
"FLCAP","capa4","CW","CW","138.17","64.254822","0","TL"
"FLCAP","capa4","Lp","Lp","1.47","0.08222","14","Opt"
"FLCAP","capa4","RED","RiemannED","5.64","0","15","Opt"
"FLCAP","capa4","RNm","RiemannNorm","5.66","0","15","Opt"
"FLCAP","capa4","QRNm","QRiemannNorm","6.12","0.069323","11","Opt"
"FLCAP","capb1","C","C","501","3.044746","471","TL"
"FLCAP","capb1","MIS","MIS","500.02","49.810661","62","TL"
"FLCAP","capb1","MW","MW","74.92","44.325999","24","TL"
"FLCAP","capb1","CW","CW","68.39","72.298162","0","TL"
"FLCAP","capb1","Lp","Lp","18.09","0.099999","52","Opt"
"FLCAP","capb1","RED","RiemannED","30.38","0.099287","43","Opt"
"FLCAP","capb1","RNm","RiemannNorm","30.36","0.099287","43","Opt"
"FLCAP","capb1","QRNm","QRiemannNorm","25.03","0.099914","40","Opt"
"FLCAP","capb2","C","C","506.03","17.024912","99","TL"
"FLCAP","capb2","MIS","MIS","1105.64","41.649592","130","TL"
"FLCAP","capb2","MW","MW","107.88","49.754532","20","TL"
"FLCAP","capb2","CW","CW","58.34","79.770408","0","TL"
"FLCAP","capb2","Lp","Lp","58.53","0.099941","185","Opt"
"FLCAP","capb2","RED","RiemannED","48.7","0.09992","66","Opt"
"FLCAP","capb2","RNm","RiemannNorm","48.75","0.09992","66","Opt"
"FLCAP","capb2","QRNm","QRiemannNorm","61.92","0.09996","83","Opt"
"FLCAP","capb3","C","C","501.75","1.705673","520","TL"
"FLCAP","capb3","MIS","MIS","500.34","49.033996","55","TL"
"FLCAP","capb3","MW","MW","77.28","45.407659","14","TL"
"FLCAP","capb3","CW","CW","138.24","83.254759","0","TL"
"FLCAP","capb3","Lp","Lp","39.76","0.099995","198","Opt"
"FLCAP","capb3","RED","RiemannED","37.92","0.09983","58","Opt"
"FLCAP","capb3","RNm","RiemannNorm","37.6","0.09983","59","Opt"
"FLCAP","capb3","QRNm","QRiemannNorm","35.72","0.099497","58","Opt"
"FLCAP","capb4","C","C","292.89","0.099999","330","Opt"
"FLCAP","capb4","MIS","MIS","501.93","45.290258","57","TL"
"FLCAP","capb4","MW","MW","102.03","45.319144","30","TL"
"FLCAP","capb4","CW","CW","75.78","79.689543","0","TL"
"FLCAP","capb4","Lp","Lp","20.44","0.099996","100","Opt"
"FLCAP","capb4","RED","RiemannED","16.25","0.09911","34","Opt"
"FLCAP","capb4","RNm","RiemannNorm","16.26","0.09911","34","Opt"
"FLCAP","capb4","QRNm","QRiemannNorm","24.38","0.099068","50","Opt"
"FLCAP","capc1","C","C","508.85","1.193981","379","TL"
"FLCAP","capc1","MIS","MIS","504.5","45.707526","59","TL"
"FLCAP","capc1","MW","MW","59.73","48.655013","24","TL"
"FLCAP","capc1","CW","CW","101.34","68.560166","0","TL"
"FLCAP","capc1","Lp","Lp","23.03","0.099943","133","Opt"
"FLCAP","capc1","RED","RiemannED","20.42","0.098414","46","Opt"
"FLCAP","capc1","RNm","RiemannNorm","19.21","0.098414","46","Opt"
"FLCAP","capc1","QRNm","QRiemannNorm","15.28","0.099389","28","Opt"
"FLCAP","capc2","C","C","556.21","9.880843","112","TL"
"FLCAP","capc2","MIS","MIS","501.61","44.015144","57","TL"
"FLCAP","capc2","MW","MW","91.82","49.166304","14","TL"
"FLCAP","capc2","CW","CW","78.77","69.410151","2","TL"
"FLCAP","capc2","Lp","Lp","46.62","0.099997","272","Opt"
"FLCAP","capc2","RED","RiemannED","27.22","0.09987","51","Opt"
"FLCAP","capc2","RNm","RiemannNorm","26.86","0.09987","51","Opt"
"FLCAP","capc2","QRNm","QRiemannNorm","20.99","0.099981","39","Opt"
"FLCAP","capc3","C","C","502","0.767753","385","Good"
"FLCAP","capc3","MIS","MIS","501.95","46.755705","55","TL"
"FLCAP","capc3","MW","MW","74.3","48.368551","10","TL"
"FLCAP","capc3","CW","CW","171.31","72.460305","0","TL"
"FLCAP","capc3","Lp","Lp","47.18","0.099997","254","Opt"
"FLCAP","capc3","RED","RiemannED","12.15","0.099466","32","Opt"
"FLCAP","capc3","RNm","RiemannNorm","11.9","0.099466","32","Opt"
"FLCAP","capc3","QRNm","QRiemannNorm","15.6","0.099964","36","Opt"
"FLCAP","capc4","C","C","126.64","0.099978","279","Opt"
"FLCAP","capc4","MIS","MIS","504.42","47.642102","57","TL"
"FLCAP","capc4","MW","MW","128.17","42.318944","26","TL"
"FLCAP","capc4","CW","CW","140.91","76.095515","2","TL"
"FLCAP","capc4","Lp","Lp","118.35","0.1","506","Opt"
"FLCAP","capc4","RED","RiemannED","13.04","0.099783","33","Opt"
"FLCAP","capc4","RNm","RiemannNorm","13.58","0.099783","33","Opt"
"FLCAP","capc4","QRNm","QRiemannNorm","10.74","0.097769","28","Opt"
"UFLP","MO1","C","C","2.08","0.036097","20100","Opt"
"UFLP","MO1","MIS","MIS","1.14","1.525923","10800","TL"
"UFLP","MO1","MW","MW","1.62","0","9940","Opt"
"UFLP","MO1","CW","CW","1.2","0.063881","1540","Opt"
"UFLP","MO1","Lp","Lp","1.97","0","766","Opt"
"UFLP","MO1","RED","RiemannED","2.09","0","914","Opt"
"UFLP","MO1","RNm","RiemannNorm","2.05","0","901","Opt"
"UFLP","MO1","QRNm","QRiemannNorm","2.22","0","902","Opt"
"UFLP","MO2","C","C","1.59","0","16500","Opt"
"UFLP","MO2","MIS","MIS","1.31","1.29868","12000","TL"
"UFLP","MO2","MW","MW","1.67","0","9412","Opt"
"UFLP","MO2","CW","CW","1.36","0","1578","Opt"
"UFLP","MO2","Lp","Lp","1.92","0","833","Opt"
"UFLP","MO2","RED","RiemannED","1.69","0","871","Opt"
"UFLP","MO2","RNm","RiemannNorm","2.45","0","1192","Opt"
"UFLP","MO2","QRNm","QRiemannNorm","2.7","0","1042","Opt"
"UFLP","MO3","C","C","2.39","0.018853","23400","Opt"
"UFLP","MO3","MIS","MIS","1.33","1.523657","11600","TL"
"UFLP","MO3","MW","MW","1.72","0.055358","12216","Opt"
"UFLP","MO3","CW","CW","2.46","0.090441","2052","Opt"
"UFLP","MO3","Lp","Lp","2.43","0.057748","998","Opt"
"UFLP","MO3","RED","RiemannED","2.37","0.076112","1050","Opt"
"UFLP","MO3","RNm","RiemannNorm","2.24","0.001467","1267","Opt"
"UFLP","MO3","QRNm","QRiemannNorm","2.35","0","1113","Opt"
"UFLP","MO4","C","C","1.18","0","9000","Opt"
"UFLP","MO4","MIS","MIS","0.76","0.941776","6400","Good"
"UFLP","MO4","MW","MW","0.66","0.025498","3862","Opt"
"UFLP","MO4","CW","CW","0.51","0.00048","1110","Opt"
"UFLP","MO4","Lp","Lp","0.66","3.5E-05","463","Opt"
"UFLP","MO4","RED","RiemannED","0.81","0.005222","690","Opt"
"UFLP","MO4","RNm","RiemannNorm","0.83","0.003982","664","Opt"
"UFLP","MO4","QRNm","QRiemannNorm","0.9","0.00801","653","Opt"
"UFLP","MO5","C","C","1.51","0","14700","Opt"
"UFLP","MO5","MIS","MIS","1.2","1.137648","9600","TL"
"UFLP","MO5","MW","MW","1.25","0","9210","Opt"
"UFLP","MO5","CW","CW","0.93","0","1544","Opt"
"UFLP","MO5","Lp","Lp","1.68","0","697","Opt"
"UFLP","MO5","RED","RiemannED","1.8","0","798","Opt"
"UFLP","MO5","RNm","RiemannNorm","1.84","0","847","Opt"
"UFLP","MO5","QRNm","QRiemannNorm","1.58","0","775","Opt"
"UFLP","MP1","C","C","7.45","0.093653","49800","Opt"
"UFLP","MP1","MIS","MIS","5.11","0.927085","28800","Good"
"UFLP","MP1","MW","MW","8.41","0.05259","37490","Opt"
"UFLP","MP1","CW","CW","5.31","0.035022","3278","Opt"
"UFLP","MP1","Lp","Lp","9.43","0","2206","Opt"
"UFLP","MP1","RED","RiemannED","10.55","0.064424","2537","Opt"
"UFLP","MP1","RNm","RiemannNorm","9.93","0","2562","Opt"
"UFLP","MP1","QRNm","QRiemannNorm","8.87","0","2321","Opt"
"UFLP","MP2","C","C","9.42","0.067965","59400","Opt"
"UFLP","MP2","MIS","MIS","5.04","0.891651","26000","Good"
"UFLP","MP2","MW","MW","8.37","0.096153","38644","Opt"
"UFLP","MP2","CW","CW","5.88","0","3738","Opt"
"UFLP","MP2","Lp","Lp","11.31","0","1860","Opt"
"UFLP","MP2","RED","RiemannED","10.78","0","2165","Opt"
"UFLP","MP2","RNm","RiemannNorm","10.01","0","1962","Opt"
"UFLP","MP2","QRNm","QRiemannNorm","11","0","1845","Opt"
"UFLP","MP3","C","C","4.66","0","30000","Opt"
"UFLP","MP3","MIS","MIS","3.56","0.888787","19600","Good"
"UFLP","MP3","MW","MW","3.37","0","13172","Opt"
"UFLP","MP3","CW","CW","2.47","0","2784","Opt"
"UFLP","MP3","Lp","Lp","3.71","0","1275","Opt"
"UFLP","MP3","RED","RiemannED","4.93","0","1528","Opt"
"UFLP","MP3","RNm","RiemannNorm","4.56","0","1649","Opt"
"UFLP","MP3","QRNm","QRiemannNorm","5.01","0","1299","Opt"
"UFLP","MP4","C","C","11.83","0.06704","70200","Opt"
"UFLP","MP4","MIS","MIS","5.19","1.307616","26800","TL"
"UFLP","MP4","MW","MW","9.67","0.077783","35062","Opt"
"UFLP","MP4","CW","CW","8.11","0.078176","3916","Opt"
"UFLP","MP4","Lp","Lp","14.24","0.038429","1872","Opt"
"UFLP","MP4","RED","RiemannED","14.46","0.090757","2474","Opt"
"UFLP","MP4","RNm","RiemannNorm","17.38","0.081894","2485","Opt"
"UFLP","MP4","QRNm","QRiemannNorm","13.41","0","2120","Opt"
"UFLP","MP5","C","C","14.7","0.091651","88800","Opt"
"UFLP","MP5","MIS","MIS","7.09","1.647002","36400","TL"
"UFLP","MP5","MW","MW","12.21","0.025969","39332","Opt"
"UFLP","MP5","CW","CW","9.25","0.073476","4240","Opt"
"UFLP","MP5","Lp","Lp","14.17","0.047004","1991","Opt"
"UFLP","MP5","RED","RiemannED","14.37","0.098021","2291","Opt"
"UFLP","MP5","RNm","RiemannNorm","16.55","0.081408","2504","Opt"
"UFLP","MP5","QRNm","QRiemannNorm","14.23","0.085626","2144","Opt"
"UFLP","MQ1","C","C","15.32","0.090368","74700","Opt"
"UFLP","MQ1","MIS","MIS","8.61","0.633153","33600","Good"
"UFLP","MQ1","MW","MW","10.77","0","39428","Opt"
"UFLP","MQ1","CW","CW","10.94","0","5342","Opt"
"UFLP","MQ1","Lp","Lp","18.9","0","3022","Opt"
"UFLP","MQ1","RED","RiemannED","19.59","0","3165","Opt"
"UFLP","MQ1","RNm","RiemannNorm","17.55","0","3160","Opt"
"UFLP","MQ1","QRNm","QRiemannNorm","17.82","0","2457","Opt"
"UFLP","MQ2","C","C","18.93","0.082604","92700","Opt"
"UFLP","MQ2","MIS","MIS","10.18","1.172073","41400","TL"
"UFLP","MQ2","MW","MW","16.4","0","51372","Opt"
"UFLP","MQ2","CW","CW","12.38","0.076569","5798","Opt"
"UFLP","MQ2","Lp","Lp","19.7","0","2717","Opt"
"UFLP","MQ2","RED","RiemannED","23.63","0","2981","Opt"
"UFLP","MQ2","RNm","RiemannNorm","20.74","0.049089","2849","Opt"
"UFLP","MQ2","QRNm","QRiemannNorm","21.75","0","2807","Opt"
"UFLP","MQ3","C","C","14.19","0","70200","Opt"
"UFLP","MQ3","MIS","MIS","9.57","0.60327","40200","Good"
"UFLP","MQ3","MW","MW","10.24","0","44036","Opt"
"UFLP","MQ3","CW","CW","9.51","0","5994","Opt"
"UFLP","MQ3","Lp","Lp","18.16","0","2798","Opt"
"UFLP","MQ3","RED","RiemannED","13.48","0","2662","Opt"
"UFLP","MQ3","RNm","RiemannNorm","14.65","0","3354","Opt"
"UFLP","MQ3","QRNm","QRiemannNorm","15.5","0","2310","Opt"
"UFLP","MQ4","C","C","19.39","0.013976","95400","Opt"
"UFLP","MQ4","MIS","MIS","9.48","1.209344","42600","TL"
"UFLP","MQ4","MW","MW","15.24","0.019568","54058","Opt"
"UFLP","MQ4","CW","CW","9.63","0","5376","Opt"
"UFLP","MQ4","Lp","Lp","16.59","0","3232","Opt"
"UFLP","MQ4","RED","RiemannED","17.45","0","3077","Opt"
"UFLP","MQ4","RNm","RiemannNorm","16.6","0","3300","Opt"
"UFLP","MQ4","QRNm","QRiemannNorm","16.56","0","2971","Opt"
"UFLP","MQ5","C","C","35.2","0.097655","161100","Opt"
"UFLP","MQ5","MIS","MIS","17.29","0.836265","56400","Good"
"UFLP","MQ5","MW","MW","32.47","0.087719","72312","Opt"
"UFLP","MQ5","CW","CW","19.66","0.092717","6086","Opt"
"UFLP","MQ5","Lp","Lp","32.99","0.090264","3075","Opt"
"UFLP","MQ5","RED","RiemannED","32.81","0.096564","3639","Opt"
"UFLP","MQ5","RNm","RiemannNorm","36.73","0.094476","4198","Opt"
"UFLP","MQ5","QRNm","QRiemannNorm","39.81","0.093827","3319","Opt"
"UFLP","MR1","C","C","86.37","0.071949","274500","Opt"
"UFLP","MR1","MIS","MIS","51.05","1.502091","99000","TL"
"UFLP","MR1","MW","MW","86.88","0.093877","123846","Opt"
"UFLP","MR1","CW","CW","59.36","0.094056","9742","Opt"
"UFLP","MR1","Lp","Lp","105.86","0.094061","4735","Opt"
"UFLP","MR1","RED","RiemannED","92.6","0.090154","5472","Opt"
"UFLP","MR1","RNm","RiemannNorm","95.72","0.095622","6743","Opt"
"UFLP","MR1","QRNm","QRiemannNorm","103.79","0.087418","5652","Opt"
"UFLP","MR2","C","C","68.63","0","193500","Opt"
"UFLP","MR2","MIS","MIS","41.04","0.826378","78000","Good"
"UFLP","MR2","MW","MW","81.7","0.071804","141224","Opt"
"UFLP","MR2","CW","CW","52.21","0.09086","9950","Opt"
"UFLP","MR2","Lp","Lp","64.31","0","4671","Opt"
"UFLP","MR2","RED","RiemannED","83.21","0.081823","5471","Opt"
"UFLP","MR2","RNm","RiemannNorm","107.73","0.053411","6748","Opt"
"UFLP","MR2","QRNm","QRiemannNorm","65.82","0","5188","Opt"
"UFLP","MR3","C","C","155.05","0.099997","298500","Opt"
"UFLP","MR3","MIS","MIS","118.09","1.067589","115000","TL"
"UFLP","MR3","MW","MW","136.14","0.097288","154634","Opt"
"UFLP","MR3","CW","CW","108.78","0.099901","12140","Opt"
"UFLP","MR3","Lp","Lp","174","0.099247","6067","Opt"
"UFLP","MR3","RED","RiemannED","146.51","0.099379","5862","Opt"
"UFLP","MR3","RNm","RiemannNorm","166.32","0.098552","7441","Opt"
"UFLP","MR3","QRNm","QRiemannNorm","177.19","0.095484","5816","Opt"
"UFLP","MR4","C","C","193.34","0.01259","325500","Opt"
"UFLP","MR4","MIS","MIS","62.8","1.581773","84000","TL"
"UFLP","MR4","MW","MW","166.74","0.099932","141758","Opt"
"UFLP","MR4","CW","CW","132.65","0.099085","10200","Opt"
"UFLP","MR4","Lp","Lp","167.47","0.095991","5275","Opt"
"UFLP","MR4","RED","RiemannED","173.17","0.097214","6586","Opt"
"UFLP","MR4","RNm","RiemannNorm","173.91","0.045801","6861","Opt"
"UFLP","MR4","QRNm","QRiemannNorm","180.01","0.09893","6734","Opt"
"UFLP","MR5","C","C","89.43","0.097723","234000","Opt"
"UFLP","MR5","MIS","MIS","59.28","1.960016","98000","TL"
"UFLP","MR5","MW","MW","95.42","0.083171","132950","Opt"
"UFLP","MR5","CW","CW","57.98","0.098847","9826","Opt"
"UFLP","MR5","Lp","Lp","107.8","0.098154","5190","Opt"
"UFLP","MR5","RED","RiemannED","110.09","0.098291","6093","Opt"
"UFLP","MR5","RNm","RiemannNorm","110.92","0.096886","5935","Opt"
"UFLP","MR5","QRNm","QRiemannNorm","118.52","0.099729","6297","Opt"
"UFLP","MS1","C","C","500.02","2.932111","630000","TL"
"UFLP","MS1","MIS","MIS","321.3","1.04477","204000","TL"
"UFLP","MS1","MW","MW","354.54","0.098196","341062","Opt"
"UFLP","MS1","CW","CW","309.25","0.099436","21736","Opt"
"UFLP","MS1","Lp","Lp","500.44","2.134408","12183","TL"
"UFLP","MS1","RED","RiemannED","501.99","1.879097","12093","TL"
"UFLP","MS1","RNm","RiemannNorm","483.22","0.096534","13322","Opt"
"UFLP","MS1","QRNm","QRiemannNorm","476.5","0.096525","11983","Opt"
"NDR","r01.1.dow","C","C","0.12","0","126","Opt"
"NDR","r01.1.dow","MIS","MIS","0.18","0.041301","178","Opt"
"NDR","r01.1.dow","MW","MW","0.01","6.202754","16","TL"
"NDR","r01.1.dow","CW","CW","0.02","0","18","Opt"
"NDR","r01.1.dow","Lp","Lp","0.08","0","6","Opt"
"NDR","r01.1.dow","RED","RiemannED","0.07","0","6","Opt"
"NDR","r01.1.dow","RNm","RiemannNorm","0.12","0","7","Opt"
"NDR","r01.1.dow","QRNm","QRiemannNorm","0.06","0","6","Opt"
"NDR","r01.2.dow","C","C","0.04","0","99","Opt"
"NDR","r01.2.dow","MIS","MIS","0.76","8.245829","940","TL"
"NDR","r01.2.dow","MW","MW","0.01","0.048064","18","Opt"
"NDR","r01.2.dow","CW","CW","0.01","0","6","Opt"
"NDR","r01.2.dow","Lp","Lp","0.09","0","8","Opt"
"NDR","r01.2.dow","RED","RiemannED","0.07","0","8","Opt"
"NDR","r01.2.dow","RNm","RiemannNorm","0.07","0.033219","7","Opt"
"NDR","r01.2.dow","QRNm","QRiemannNorm","0.04","0","4","Opt"
"NDR","r01.3.dow","C","C","0.1","0","279","Opt"
"NDR","r01.3.dow","MIS","MIS","1.06","22.589007","1280","TL"
"NDR","r01.3.dow","MW","MW","0.09","19.030659","66","TL"
"NDR","r01.3.dow","CW","CW","0.02","0.090784","16","Opt"
"NDR","r01.3.dow","Lp","Lp","0.15","0","15","Opt"
"NDR","r01.3.dow","RED","RiemannED","0.12","0","9","Opt"
"NDR","r01.3.dow","RNm","RiemannNorm","0.24","0","31","Opt"
"NDR","r01.3.dow","QRNm","QRiemannNorm","0.2","0","19","Opt"
"NDR","r01.4.dow","C","C","0.15","0.082313","429","Opt"
"NDR","r01.4.dow","MIS","MIS","0.11","6.147265","164","TL"
"NDR","r01.4.dow","MW","MW","0.07","5.792183","78","TL"
"NDR","r01.4.dow","CW","CW","0.13","0","176","Opt"
"NDR","r01.4.dow","Lp","Lp","0.5","0.092388","65","Opt"
"NDR","r01.4.dow","RED","RiemannED","0.47","0.04434","95","Opt"
"NDR","r01.4.dow","RNm","RiemannNorm","0.51","0","97","Opt"
"NDR","r01.4.dow","QRNm","QRiemannNorm","0.51","0.088436","91","Opt"
"NDR","r01.5.dow","C","C","0.26","0.050865","804","Opt"
"NDR","r01.5.dow","MIS","MIS","0.42","15.222165","474","TL"
"NDR","r01.5.dow","MW","MW","0.15","4.254606","166","TL"
"NDR","r01.5.dow","CW","CW","0.21","0.034078","288","Opt"
"NDR","r01.5.dow","Lp","Lp","1.82","0","148","Opt"
"NDR","r01.5.dow","RED","RiemannED","2.19","0.076742","155","Opt"
"NDR","r01.5.dow","RNm","RiemannNorm","1.04","0","131","Opt"
"NDR","r01.5.dow","QRNm","QRiemannNorm","0.88","0.06587","165","Opt"
"NDR","r01.6.dow","C","C","0.68","0.075723","2322","Opt"
"NDR","r01.6.dow","MIS","MIS","0.91","24.390752","1252","TL"
"NDR","r01.6.dow","MW","MW","0.1","22.086107","152","TL"
"NDR","r01.6.dow","CW","CW","0.26","0.058143","372","Opt"
"NDR","r01.6.dow","Lp","Lp","1.45","0.068833","262","Opt"
"NDR","r01.6.dow","RED","RiemannED","0.94","0","202","Opt"
"NDR","r01.6.dow","RNm","RiemannNorm","1.82","0.084568","362","Opt"
"NDR","r01.6.dow","QRNm","QRiemannNorm","1.11","0.062439","184","Opt"
"NDR","r02.1.dow","C","C","0.19","0.062988","291","Opt"
"NDR","r02.1.dow","MIS","MIS","0.67","6.661515","210","TL"
"NDR","r02.1.dow","MW","MW","0.14","4.394231","52","TL"
"NDR","r02.1.dow","CW","CW","0.05","0","50","Opt"
"NDR","r02.1.dow","Lp","Lp","0.21","0.063224","31","Opt"
"NDR","r02.1.dow","RED","RiemannED","0.25","0.011114","45","Opt"
"NDR","r02.1.dow","RNm","RiemannNorm","0.24","0","52","Opt"
"NDR","r02.1.dow","QRNm","QRiemannNorm","0.28","0.044568","38","Opt"
"NDR","r02.2.dow","C","C","0.38","0.034511","990","Opt"
"NDR","r02.2.dow","MIS","MIS","0.6","22.958563","232","TL"
"NDR","r02.2.dow","MW","MW","0.08","17.396692","30","TL"
"NDR","r02.2.dow","CW","CW","0.1","0.062816","82","Opt"
"NDR","r02.2.dow","Lp","Lp","0.34","0.095751","53","Opt"
"NDR","r02.2.dow","RED","RiemannED","0.43","0.084581","86","Opt"
"NDR","r02.2.dow","RNm","RiemannNorm","0.36","0","77","Opt"
"NDR","r02.2.dow","QRNm","QRiemannNorm","0.33","0.074873","61","Opt"
"NDR","r02.3.dow","C","C","0.29","0.064362","750","Opt"
"NDR","r02.3.dow","MIS","MIS","0.33","27.358469","216","TL"
"NDR","r02.3.dow","MW","MW","0.22","16.93664","122","TL"
"NDR","r02.3.dow","CW","CW","0.14","0","82","Opt"
"NDR","r02.3.dow","Lp","Lp","0.81","0.083569","49","Opt"
"NDR","r02.3.dow","RED","RiemannED","0.3","0","43","Opt"
"NDR","r02.3.dow","RNm","RiemannNorm","0.36","0.035113","58","Opt"
"NDR","r02.3.dow","QRNm","QRiemannNorm","0.31","0","47","Opt"
"NDR","r02.4.dow","C","C","0.06","0.010731","147","Opt"
"NDR","r02.4.dow","MIS","MIS","0.25","9.193679","76","TL"
"NDR","r02.4.dow","MW","MW","0.07","6.87813","46","TL"
"NDR","r02.4.dow","CW","CW","0.04","0.000536","40","Opt"
"NDR","r02.4.dow","Lp","Lp","0.11","0","17","Opt"
"NDR","r02.4.dow","RED","RiemannED","0.15","0","30","Opt"
"NDR","r02.4.dow","RNm","RiemannNorm","0.13","0","34","Opt"
"NDR","r02.4.dow","QRNm","QRiemannNorm","0.12","0.023775","21","Opt"
"NDR","r02.5.dow","C","C","0.14","0","219","Opt"
"NDR","r02.5.dow","MIS","MIS","0.2","17.05728","60","TL"
"NDR","r02.5.dow","MW","MW","0.05","12.908613","20","TL"
"NDR","r02.5.dow","CW","CW","0.04","0.087451","42","Opt"
"NDR","r02.5.dow","Lp","Lp","0.21","0","37","Opt"
"NDR","r02.5.dow","RED","RiemannED","0.23","0","40","Opt"
"NDR","r02.5.dow","RNm","RiemannNorm","0.23","0","45","Opt"
"NDR","r02.5.dow","QRNm","QRiemannNorm","0.3","0","31","Opt"
"NDR","r02.6.dow","C","C","0.19","0.041878","234","Opt"
"NDR","r02.6.dow","MIS","MIS","0.23","26.59385","86","TL"
"NDR","r02.6.dow","MW","MW","0.05","12.374141","18","TL"
"NDR","r02.6.dow","CW","CW","0.07","0","36","Opt"
"NDR","r02.6.dow","Lp","Lp","0.22","0","30","Opt"
"NDR","r02.6.dow","RED","RiemannED","0.3","0","29","Opt"
"NDR","r02.6.dow","RNm","RiemannNorm","0.27","0","41","Opt"
"NDR","r02.6.dow","QRNm","QRiemannNorm","0.2","0","28","Opt"
"NDR","r03.1.dow","C","C","0.37","0","399","Opt"
"NDR","r03.1.dow","MIS","MIS","6.17","2.772528","232","TL"
"NDR","r03.1.dow","MW","MW","0.07","6.574748","10","TL"
"NDR","r03.1.dow","CW","CW","0.05","0.097834","12","Opt"
"NDR","r03.1.dow","Lp","Lp","0.09","0.081826","11","Opt"
"NDR","r03.1.dow","RED","RiemannED","0.14","0.044936","18","Opt"
"NDR","r03.1.dow","RNm","RiemannNorm","0.2","0","24","Opt"
"NDR","r03.1.dow","QRNm","QRiemannNorm","0.11","0.016723","15","Opt"
"NDR","r03.2.dow","C","C","1.22","0.057911","720","Opt"
"NDR","r03.2.dow","MIS","MIS","1.41","23.388241","78","TL"
"NDR","r03.2.dow","MW","MW","0.33","4.649474","14","TL"
"NDR","r03.2.dow","CW","CW","0.46","0.046064","46","Opt"
"NDR","r03.2.dow","Lp","Lp","0.74","0.086347","37","Opt"
"NDR","r03.2.dow","RED","RiemannED","0.51","0.076712","56","Opt"
"NDR","r03.2.dow","RNm","RiemannNorm","0.58","0","57","Opt"
"NDR","r03.2.dow","QRNm","QRiemannNorm","0.5","0.097267","40","Opt"
"NDR","r03.3.dow","C","C","1.07","0.070394","756","Opt"
"NDR","r03.3.dow","MIS","MIS","1.09","35.63078","52","TL"
"NDR","r03.3.dow","MW","MW","0.27","10.521875","50","TL"
"NDR","r03.3.dow","CW","CW","0.26","0.051177","86","Opt"
"NDR","r03.3.dow","Lp","Lp","0.38","0.050756","39","Opt"
"NDR","r03.3.dow","RED","RiemannED","0.51","0.075496","62","Opt"
"NDR","r03.3.dow","RNm","RiemannNorm","0.5","0.06886","62","Opt"
"NDR","r03.3.dow","QRNm","QRiemannNorm","0.61","0.03637","68","Opt"
"NDR","r03.4.dow","C","C","0.06","0","90","Opt"
"NDR","r03.4.dow","MIS","MIS","1.4","6.507526","110","TL"
"NDR","r03.4.dow","MW","MW","0.04","2.50976","6","TL"
"NDR","r03.4.dow","CW","CW","0.02","0.048278","8","Opt"
"NDR","r03.4.dow","Lp","Lp","0.04","0","10","Opt"
"NDR","r03.4.dow","RED","RiemannED","0.06","0","8","Opt"
"NDR","r03.4.dow","RNm","RiemannNorm","0.03","0","7","Opt"
"NDR","r03.4.dow","QRNm","QRiemannNorm","0.03","0","7","Opt"
"NDR","r03.5.dow","C","C","0.08","0.094855","141","Opt"
"NDR","r03.5.dow","MIS","MIS","0.94","11.485971","48","TL"
"NDR","r03.5.dow","MW","MW","0.03","4.263933","4","TL"
"NDR","r03.5.dow","CW","CW","0.05","0.048712","22","Opt"
"NDR","r03.5.dow","Lp","Lp","0.09","0","15","Opt"
"NDR","r03.5.dow","RED","RiemannED","0.11","0.087607","20","Opt"
"NDR","r03.5.dow","RNm","RiemannNorm","0.1","0.087607","20","Opt"
"NDR","r03.5.dow","QRNm","QRiemannNorm","0.12","0.099965","22","Opt"
"NDR","r03.6.dow","C","C","0.09","0.069343","138","Opt"
"NDR","r03.6.dow","MIS","MIS","0.77","12.07409","118","TL"
"NDR","r03.6.dow","MW","MW","0.07","9.680789","6","TL"
"NDR","r03.6.dow","CW","CW","0.06","0.086642","24","Opt"
"NDR","r03.6.dow","Lp","Lp","0.16","0.046272","29","Opt"
"NDR","r03.6.dow","RED","RiemannED","0.12","0.053715","22","Opt"
"NDR","r03.6.dow","RNm","RiemannNorm","0.11","0.096257","24","Opt"
"NDR","r03.6.dow","QRNm","QRiemannNorm","0.12","0.043449","19","Opt"
"NDR","r04.1.dow","C","C","0.05","0","123","Opt"
"NDR","r04.1.dow","MIS","MIS","0.62","0.097451","404","Opt"
"NDR","r04.1.dow","MW","MW","0.03","3.301743","32","TL"
"NDR","r04.1.dow","CW","CW","0.01","0","8","Opt"
"NDR","r04.1.dow","Lp","Lp","0.06","0","5","Opt"
"NDR","r04.1.dow","RED","RiemannED","0.05","0.000663","4","Opt"
"NDR","r04.1.dow","RNm","RiemannNorm","0.04","0","7","Opt"
"NDR","r04.1.dow","QRNm","QRiemannNorm","0.04","0","6","Opt"
"NDR","r04.2.dow","C","C","0.09","0","285","Opt"
"NDR","r04.2.dow","MIS","MIS","1.66","14.864478","1078","TL"
"NDR","r04.2.dow","MW","MW","0.03","17.585349","24","TL"
"NDR","r04.2.dow","CW","CW","0.04","0.044275","26","Opt"
"NDR","r04.2.dow","Lp","Lp","0.1","0.092286","10","Opt"
"NDR","r04.2.dow","RED","RiemannED","0.18","0.061884","21","Opt"
"NDR","r04.2.dow","RNm","RiemannNorm","0.14","0.007304","20","Opt"
"NDR","r04.2.dow","QRNm","QRiemannNorm","0.28","0.077627","23","Opt"
"NDR","r04.3.dow","C","C","0.16","0","492","Opt"
"NDR","r04.3.dow","MIS","MIS","2.59","25.952666","1718","TL"
"NDR","r04.3.dow","MW","MW","0.03","15.806604","18","TL"
"NDR","r04.3.dow","CW","CW","0.03","0","20","Opt"
"NDR","r04.3.dow","Lp","Lp","0.15","0","17","Opt"
"NDR","r04.3.dow","RED","RiemannED","0.15","0.082495","19","Opt"
"NDR","r04.3.dow","RNm","RiemannNorm","0.17","0.092268","24","Opt"
"NDR","r04.3.dow","QRNm","QRiemannNorm","0.21","0.097759","18","Opt"
"NDR","r04.4.dow","C","C","0.19","0.092966","612","Opt"
"NDR","r04.4.dow","MIS","MIS","0.71","3.789517","476","TL"
"NDR","r04.4.dow","MW","MW","0.04","8.586504","28","TL"
"NDR","r04.4.dow","CW","CW","0.08","0.080818","110","Opt"
"NDR","r04.4.dow","Lp","Lp","0.58","0.072974","114","Opt"
"NDR","r04.4.dow","RED","RiemannED","0.58","0.080513","123","Opt"
"NDR","r04.4.dow","RNm","RiemannNorm","0.74","0.084973","174","Opt"
"NDR","r04.4.dow","QRNm","QRiemannNorm","0.5","0.086414","108","Opt"
"NDR","r04.5.dow","C","C","0.45","0.095112","1392","Opt"
"NDR","r04.5.dow","MIS","MIS","2.13","18.736044","1616","TL"
"NDR","r04.5.dow","MW","MW","0.17","17.142258","146","TL"
"NDR","r04.5.dow","CW","CW","0.16","0.008979","168","Opt"
"NDR","r04.5.dow","Lp","Lp","0.66","0","110","Opt"
"NDR","r04.5.dow","RED","RiemannED","0.61","0.038208","110","Opt"
"NDR","r04.5.dow","RNm","RiemannNorm","1.06","0","182","Opt"
"NDR","r04.5.dow","QRNm","QRiemannNorm","0.94","0","151","Opt"
"NDR","r04.6.dow","C","C","0.57","0.077866","1443","Opt"
"NDR","r04.6.dow","MIS","MIS","6.81","27.250262","3714","TL"
"NDR","r04.6.dow","MW","MW","0.35","8.302433","236","TL"
"NDR","r04.6.dow","CW","CW","0.11","0","96","Opt"
"NDR","r04.6.dow","Lp","Lp","0.55","0.022829","92","Opt"
"NDR","r04.6.dow","RED","RiemannED","0.48","0.082234","86","Opt"
"NDR","r04.6.dow","RNm","RiemannNorm","0.63","0.076394","124","Opt"
"NDR","r04.6.dow","QRNm","QRiemannNorm","0.75","0.069596","127","Opt"
"NDR","r04.7.dow","C","C","1.5","0.09655","2883","Opt"
"NDR","r04.7.dow","MIS","MIS","0.25","15.704138","104","TL"
"NDR","r04.7.dow","MW","MW","0.19","8.08316","140","TL"
"NDR","r04.7.dow","CW","CW","0.6","0.099636","582","Opt"
"NDR","r04.7.dow","Lp","Lp","2.2","0.099085","315","Opt"
"NDR","r04.7.dow","RED","RiemannED","1.93","0.095403","303","Opt"
"NDR","r04.7.dow","RNm","RiemannNorm","1.71","0.098252","342","Opt"
"NDR","r04.7.dow","QRNm","QRiemannNorm","1.75","0.095364","265","Opt"
"NDR","r04.8.dow","C","C","2.37","0.099413","3285","Opt"
"NDR","r04.8.dow","MIS","MIS","1.16","28.160898","656","TL"
"NDR","r04.8.dow","MW","MW","0.33","8.454798","236","TL"
"NDR","r04.8.dow","CW","CW","0.7","0.094544","544","Opt"
"NDR","r04.8.dow","Lp","Lp","1.88","0.097908","229","Opt"
"NDR","r04.8.dow","RED","RiemannED","2.25","0.099519","344","Opt"
"NDR","r04.8.dow","RNm","RiemannNorm","2.27","0.096549","340","Opt"
"NDR","r04.8.dow","QRNm","QRiemannNorm","2.27","0.098232","315","Opt"
"NDR","r04.9.dow","C","C","1.53","0.097729","2796","Opt"
"NDR","r04.9.dow","MIS","MIS","1.12","21.450824","734","TL"
"NDR","r04.9.dow","MW","MW","0.41","6.007634","314","TL"
"NDR","r04.9.dow","CW","CW","0.88","0.090141","556","Opt"
"NDR","r04.9.dow","Lp","Lp","1.77","0.093439","254","Opt"
"NDR","r04.9.dow","RED","RiemannED","1.39","0.095937","202","Opt"
"NDR","r04.9.dow","RNm","RiemannNorm","1.68","0.099853","232","Opt"
"NDR","r04.9.dow","QRNm","QRiemannNorm","2.15","0.096033","289","Opt"
"NDR","r05.1.dow","C","C","0.21","0.08432","438","Opt"
"NDR","r05.1.dow","MIS","MIS","8.79","7.595741","696","TL"
"NDR","r05.1.dow","MW","MW","0.07","6.24526","10","TL"
"NDR","r05.1.dow","CW","CW","0.1","0.045478","68","Opt"
"NDR","r05.1.dow","Lp","Lp","0.32","0.089685","44","Opt"
"NDR","r05.1.dow","RED","RiemannED","0.36","0","59","Opt"
"NDR","r05.1.dow","RNm","RiemannNorm","0.38","0","84","Opt"
"NDR","r05.1.dow","QRNm","QRiemannNorm","0.32","0","51","Opt"
"NDR","r05.2.dow","C","C","1.7","0.08064","2757","Opt"
"NDR","r05.2.dow","MIS","MIS","30.08","19.687561","2268","TL"
"NDR","r05.2.dow","MW","MW","0.95","10.441157","150","TL"
"NDR","r05.2.dow","CW","CW","0.18","0.074494","82","Opt"
"NDR","r05.2.dow","Lp","Lp","0.48","0.079212","52","Opt"
"NDR","r05.2.dow","RED","RiemannED","0.7","0.069074","82","Opt"
"NDR","r05.2.dow","RNm","RiemannNorm","0.43","0.085249","82","Opt"
"NDR","r05.2.dow","QRNm","QRiemannNorm","0.56","0.094065","71","Opt"
"NDR","r05.3.dow","C","C","5.16","0.099409","6252","Opt"
"NDR","r05.3.dow","MIS","MIS","125.44","25.064534","13812","TL"
"NDR","r05.3.dow","MW","MW","1.44","13.220086","184","TL"
"NDR","r05.3.dow","CW","CW","0.66","0.029621","284","Opt"
"NDR","r05.3.dow","Lp","Lp","1.29","0.082347","195","Opt"
"NDR","r05.3.dow","RED","RiemannED","1.02","0.093348","191","Opt"
"NDR","r05.3.dow","RNm","RiemannNorm","1.11","0.097557","201","Opt"
"NDR","r05.3.dow","QRNm","QRiemannNorm","1.33","0.087446","207","Opt"
"NDR","r05.4.dow","C","C","0.92","0.093504","1635","Opt"
"NDR","r05.4.dow","MIS","MIS","9.12","7.964615","754","TL"
"NDR","r05.4.dow","MW","MW","0.95","12.279671","132","TL"
"NDR","r05.4.dow","CW","CW","0.25","0.079842","144","Opt"
"NDR","r05.4.dow","Lp","Lp","0.63","0.08414","84","Opt"
"NDR","r05.4.dow","RED","RiemannED","0.65","0.093317","99","Opt"
"NDR","r05.4.dow","RNm","RiemannNorm","0.55","0.065499","81","Opt"
"NDR","r05.4.dow","QRNm","QRiemannNorm","0.54","0.059461","80","Opt"
"NDR","r05.5.dow","C","C","42.62","0.099916","18117","Opt"
"NDR","r05.5.dow","MIS","MIS","38.39","20.527029","5502","TL"
"NDR","r05.5.dow","MW","MW","7.54","11.126199","656","TL"
"NDR","r05.5.dow","CW","CW","1.66","0.09154","700","Opt"
"NDR","r05.5.dow","Lp","Lp","3.82","0.091618","384","Opt"
"NDR","r05.5.dow","RED","RiemannED","3.02","0.098617","400","Opt"
"NDR","r05.5.dow","RNm","RiemannNorm","3.93","0.098943","586","Opt"
"NDR","r05.5.dow","QRNm","QRiemannNorm","3.66","0.099061","374","Opt"
"NDR","r05.7.dow","C","C","0.1","0.057622","192","Opt"
"NDR","r05.7.dow","MIS","MIS","2.43","9.714015","172","TL"
"NDR","r05.7.dow","MW","MW","0.26","5.554095","22","TL"
"NDR","r05.7.dow","CW","CW","0.13","0.084288","50","Opt"
"NDR","r05.7.dow","Lp","Lp","0.26","0.054501","34","Opt"
"NDR","r05.7.dow","RED","RiemannED","0.29","0.093448","50","Opt"
"NDR","r05.7.dow","RNm","RiemannNorm","0.25","0.044725","49","Opt"
"NDR","r05.7.dow","QRNm","QRiemannNorm","0.31","0.063463","49","Opt"
"NDR","r05.8.dow","C","C","0.19","0.083816","306","Opt"
"NDR","r05.8.dow","MIS","MIS","1.84","15.730936","176","TL"
"NDR","r05.8.dow","MW","MW","0.17","4.194213","24","TL"
"NDR","r05.8.dow","CW","CW","0.25","0.080729","128","Opt"
"NDR","r05.8.dow","Lp","Lp","0.49","0.090205","49","Opt"
"NDR","r05.8.dow","RED","RiemannED","0.38","0.052695","67","Opt"
"NDR","r05.8.dow","RNm","RiemannNorm","0.3","0.053619","48","Opt"
"NDR","r05.8.dow","QRNm","QRiemannNorm","0.35","0.034029","49","Opt"
"NDR","r05.9.dow","C","C","0.19","0.092165","363","Opt"
"NDR","r05.9.dow","MIS","MIS","2.02","19.151207","180","TL"
"NDR","r05.9.dow","MW","MW","0.2","5.797509","24","TL"
"NDR","r05.9.dow","CW","CW","0.1","0.012613","40","Opt"
"NDR","r05.9.dow","Lp","Lp","0.33","0.061026","37","Opt"
"NDR","r05.9.dow","RED","RiemannED","0.22","0.034929","37","Opt"
"NDR","r05.9.dow","RNm","RiemannNorm","0.34","0","45","Opt"
"NDR","r05.9.dow","QRNm","QRiemannNorm","0.25","0.090781","28","Opt"
"NDR","r06.1.dow","C","C","1.42","0.095367","1347","Opt"
"NDR","r06.1.dow","MIS","MIS","54.14","8.188515","1076","TL"
"NDR","r06.1.dow","MW","MW","0.81","12.766491","20","TL"
"NDR","r06.1.dow","CW","CW","0.36","0.096555","158","Opt"
"NDR","r06.1.dow","Lp","Lp","0.73","0.098548","82","Opt"
"NDR","r06.1.dow","RED","RiemannED","1.07","0.089772","149","Opt"
"NDR","r06.1.dow","RNm","RiemannNorm","1.15","0.094744","143","Opt"
"NDR","r06.1.dow","QRNm","QRiemannNorm","0.86","0.090935","112","Opt"
"NDR","r06.4.dow","C","C","53.41","0.099993","14481","Opt"
"NDR","r06.4.dow","MIS","MIS","16.95","12.904514","536","TL"
"NDR","r06.4.dow","MW","MW","6.58","11.266486","138","TL"
"NDR","r06.4.dow","CW","CW","4.66","0.098759","1538","Opt"
"NDR","r06.4.dow","Lp","Lp","8.12","0.099847","704","Opt"
"NDR","r06.4.dow","RED","RiemannED","8.85","0.099611","855","Opt"
"NDR","r06.4.dow","RNm","RiemannNorm","8.22","0.099256","880","Opt"
"NDR","r06.4.dow","QRNm","QRiemannNorm","8.29","0.094821","813","Opt"
"NDR","r06.7.dow","C","C","0.09","0","90","Opt"
"NDR","r06.7.dow","MIS","MIS","1.32","1.216106","58","TL"
"NDR","r06.7.dow","MW","MW","0.51","1.169064","10","TL"
"NDR","r06.7.dow","CW","CW","0.03","0.031629","8","Opt"
"NDR","r06.7.dow","Lp","Lp","0.09","0","7","Opt"
"NDR","r06.7.dow","RED","RiemannED","0.1","0.017324","8","Opt"
"NDR","r06.7.dow","RNm","RiemannNorm","0.11","0.066712","8","Opt"
"NDR","r06.7.dow","QRNm","QRiemannNorm","0.1","0.009358","8","Opt"
"NDR","r06.8.dow","C","C","0.14","0","198","Opt"
"NDR","r06.8.dow","MIS","MIS","1.79","7.454914","84","TL"
"NDR","r06.8.dow","MW","MW","0.64","5.257896","16","TL"
"NDR","r06.8.dow","CW","CW","0.07","0.016972","18","Opt"
"NDR","r06.8.dow","Lp","Lp","0.13","0.08075","7","Opt"
"NDR","r06.8.dow","RED","RiemannED","0.14","0","14","Opt"
"NDR","r06.8.dow","RNm","RiemannNorm","0.14","0","10","Opt"
"NDR","r06.8.dow","QRNm","QRiemannNorm","0.15","0","11","Opt"
"NDR","r06.9.dow","C","C","25.48","0.099743","13926","Opt"
"NDR","r06.9.dow","MIS","MIS","409.29","28.860035","16214","TL"
"NDR","r06.9.dow","MW","MW","16.4","17.414515","350","TL"
"NDR","r06.9.dow","CW","CW","1.74","0.095007","302","Opt"
"NDR","r06.9.dow","Lp","Lp","2.58","0.095388","183","Opt"
"NDR","r06.9.dow","RED","RiemannED","2.77","0.091946","215","Opt"
"NDR","r06.9.dow","RNm","RiemannNorm","2.51","0.09845","225","Opt"
"NDR","r06.9.dow","QRNm","QRiemannNorm","2.38","0.098893","189","Opt"
"NDR","r05.6.dow","C","C","500.02","0.231333","50256","Good"
"NDR","r05.6.dow","MIS","MIS","210.21","24.102894","16670","TL"
"NDR","r05.6.dow","MW","MW","2.11","12.357279","252","TL"
"NDR","r05.6.dow","CW","CW","8.09","0.098878","996","Opt"
"NDR","r05.6.dow","Lp","Lp","10.64","0.099153","575","Opt"
"NDR","r05.6.dow","RED","RiemannED","11.68","0.097878","706","Opt"
"NDR","r05.6.dow","RNm","RiemannNorm","8.81","0.099825","647","Opt"
"NDR","r05.6.dow","QRNm","QRiemannNorm","10.4","0.098877","673","Opt"
"NDR","r06.2.dow","C","C","113.56","0.099621","24735","Opt"
"NDR","r06.2.dow","MIS","MIS","275.61","25.813336","4734","TL"
"NDR","r06.2.dow","MW","MW","17.38","16.577447","328","TL"
"NDR","r06.2.dow","CW","CW","4.67","0.09996","692","Opt"
"NDR","r06.2.dow","Lp","Lp","14.64","0.099641","482","Opt"
"NDR","r06.2.dow","RED","RiemannED","7.66","0.099649","419","Opt"
"NDR","r06.2.dow","RNm","RiemannNorm","5.3","0.09995","500","Opt"
"NDR","r06.2.dow","QRNm","QRiemannNorm","9.22","0","438","Opt"
"NDR","r06.3.dow","C","C","397.71","0.099898","31533","Opt"
"NDR","r06.3.dow","MIS","MIS","500.04","26.450306","12299","TL"
"NDR","r06.3.dow","MW","MW","43.93","11.901438","732","TL"
"NDR","r06.3.dow","CW","CW","33.12","0.029492","1034","Opt"
"NDR","r06.3.dow","Lp","Lp","27.27","0.099999","551","Opt"
"NDR","r06.3.dow","RED","RiemannED","35.02","0.099826","773","Opt"
"NDR","r06.3.dow","RNm","RiemannNorm","43.74","0.099939","791","Opt"
"NDR","r06.3.dow","QRNm","QRiemannNorm","28.71","0.099909","580","Opt"
"NDR","r06.5.dow","C","C","500.02","1.786203","51972","TL"
"NDR","r06.5.dow","MIS","MIS","279.99","30.690951","8968","TL"
"NDR","r06.5.dow","MW","MW","23.04","15.181626","436","TL"
"NDR","r06.5.dow","CW","CW","132.41","0.099964","2092","Opt"
"NDR","r06.5.dow","Lp","Lp","139.09","0.099983","1281","Opt"
"NDR","r06.5.dow","RED","RiemannED","117.31","0.099943","1408","Opt"
"NDR","r06.5.dow","RNm","RiemannNorm","135.35","0.099988","1958","Opt"
"NDR","r06.5.dow","QRNm","QRiemannNorm","142.97","0.099974","1323","Opt"
"NDR","r06.6.dow","C","C","500.01","4.156394","58320","TL"
"NDR","r06.6.dow","MIS","MIS","223.75","34.093235","8490","TL"
"NDR","r06.6.dow","MW","MW","20.9","36.238532","412","TL"
"NDR","r06.6.dow","CW","CW","500","1.001853","2318","TL"
"NDR","r06.6.dow","Lp","Lp","500","1.525722","1987","TL"
"NDR","r06.6.dow","RED","RiemannED","500","1.3719","2037","TL"
"NDR","r06.6.dow","RNm","RiemannNorm","500","0.571981","2273","Good"
"NDR","r06.6.dow","QRNm","QRiemannNorm","500.01","0.778014","1902","Good"
"SNIP","I0;S3;B30","C","C","164.69","0.099939","73872","Opt"
"SNIP","I0;S3;B30","MIS","MIS","185.66","0.099959","51984","Opt"
"SNIP","I0;S3;B30","MW","MW","157.69","0.099991","13066","Opt"
"SNIP","I0;S3;B30","CW","CW","149.15","0.099991","10358","Opt"
"SNIP","I0;S3;B30","Lp","Lp","183.84","0.099996","7626","Opt"
"SNIP","I0;S3;B30","RED","RiemannED","195.31","0.1","8248","Opt"
"SNIP","I0;S3;B30","RNm","RiemannNorm","157.54","0.099979","6433","Opt"
"SNIP","I0;S3;B30","QRNm","QRiemannNorm","237.48","0.099992","5992","Opt"
"SNIP","I0;S3;B40","C","C","500","2.773052","80712","TL"
"SNIP","I0;S3;B40","MIS","MIS","500","2.596691","51984","TL"
"SNIP","I0;S3;B40","MW","MW","500","1.652255","19646","TL"
"SNIP","I0;S3;B40","CW","CW","500.02","1.839697","15584","TL"
"SNIP","I0;S3;B40","Lp","Lp","500.02","3.205208","7294","TL"
"SNIP","I0;S3;B40","RED","RiemannED","500","2.479938","8399","TL"
"SNIP","I0;S3;B40","RNm","RiemannNorm","500","2.811696","7284","TL"
"SNIP","I0;S3;B40","QRNm","QRiemannNorm","500","2.756226","7306","TL"
"SNIP","I0;S3;B50","C","C","500.04","7.424367","101232","TL"
"SNIP","I0;S3;B50","MIS","MIS","500.02","5.730898","71136","TL"
"SNIP","I0;S3;B50","MW","MW","500.02","6.700696","23930","TL"
"SNIP","I0;S3;B50","CW","CW","500.03","7.558892","19248","TL"
"SNIP","I0;S3;B50","Lp","Lp","500.01","6.497412","10139","TL"
"SNIP","I0;S3;B50","RED","RiemannED","500.02","6.731337","10996","TL"
"SNIP","I0;S3;B50","RNm","RiemannNorm","500","6.366151","8790","TL"
"SNIP","I0;S3;B50","QRNm","QRiemannNorm","500.01","6.75423","8644","TL"
"SNIP","I1;S3;B30","C","C","500","1.928185","80712","TL"
"SNIP","I1;S3;B30","MIS","MIS","500.01","2.31002","40128","TL"
"SNIP","I1;S3;B30","MW","MW","500","2.137746","15484","TL"
"SNIP","I1;S3;B30","CW","CW","500","2.862947","9796","TL"
"SNIP","I1;S3;B30","Lp","Lp","500.01","0.762688","4328","Good"
"SNIP","I1;S3;B30","RED","RiemannED","500","0.795598","5447","Good"
"SNIP","I1;S3;B30","RNm","RiemannNorm","500","0.178312","3935","Good"
"SNIP","I1;S3;B30","QRNm","QRiemannNorm","500","2.034914","4537","TL"
"SNIP","I1;S3;B40","C","C","500","7.22034","94392","TL"
"SNIP","I1;S3;B40","MIS","MIS","500.01","6.376258","56544","TL"
"SNIP","I1;S3;B40","MW","MW","500","7.392161","17522","TL"
"SNIP","I1;S3;B40","CW","CW","500.01","6.955412","13298","TL"
"SNIP","I1;S3;B40","Lp","Lp","500.01","6.434714","6940","TL"
"SNIP","I1;S3;B40","RED","RiemannED","500.01","7.291523","7497","TL"
"SNIP","I1;S3;B40","RNm","RiemannNorm","500","6.398468","6306","TL"
"SNIP","I1;S3;B40","QRNm","QRiemannNorm","6.95","100","1136","TL"
"SNIP","I1;S3;B50","C","C","500.01","8.277122","73872","TL"
"SNIP","I1;S3;B50","MIS","MIS","500","7.408721","55632","TL"
"SNIP","I1;S3;B50","MW","MW","500.02","7.737428","20796","TL"
"SNIP","I1;S3;B50","CW","CW","500","8.051266","15508","TL"
"SNIP","I1;S3;B50","Lp","Lp","500","8.518762","7087","TL"
"SNIP","I1;S3;B50","RED","RiemannED","500.01","8.141514","7479","TL"
"SNIP","I1;S3;B50","RNm","RiemannNorm","500.02","7.554814","6661","TL"
"SNIP","I1;S3;B50","QRNm","QRiemannNorm","500","8.941954","5831","TL"
"SNIP","I2;S3;B30","C","C","500","2.164003","76608","TL"
"SNIP","I2;S3;B30","MIS","MIS","500","0.609492","57456","Good"
"SNIP","I2;S3;B30","MW","MW","500","0.929186","18626","Good"
"SNIP","I2;S3;B30","CW","CW","500.01","0.301071","12918","Good"
"SNIP","I2;S3;B30","Lp","Lp","500","1.186675","7729","TL"
"SNIP","I2;S3;B30","RED","RiemannED","500.01","1.248869","6599","TL"
"SNIP","I2;S3;B30","RNm","RiemannNorm","500","1.264649","6063","TL"
"SNIP","I2;S3;B30","QRNm","QRiemannNorm","500","1.52603","5919","TL"
"SNIP","I2;S3;B40","C","C","500.01","6.31816","76608","TL"
"SNIP","I2;S3;B40","MIS","MIS","500.03","6.110488","66576","TL"
"SNIP","I2;S3;B40","MW","MW","500.02","7.656766","14350","TL"
"SNIP","I2;S3;B40","CW","CW","500.01","8.021324","12360","TL"
"SNIP","I2;S3;B40","Lp","Lp","500.01","6.852125","8672","TL"
"SNIP","I2;S3;B40","RED","RiemannED","500","6.333096","9587","TL"
"SNIP","I2;S3;B40","RNm","RiemannNorm","500","7.572066","6270","TL"
"SNIP","I2;S3;B40","QRNm","QRiemannNorm","500","6.033369","6317","TL"
"SNIP","I2;S3;B50","C","C","500.01","9.463809","68400","TL"
"SNIP","I2;S3;B50","MIS","MIS","500.02","10.588076","43776","TL"
"SNIP","I2;S3;B50","MW","MW","500.03","7.984638","15732","TL"
"SNIP","I2;S3;B50","CW","CW","500","10.511138","13988","TL"
"SNIP","I2;S3;B50","Lp","Lp","500","8.762467","7414","TL"
"SNIP","I2;S3;B50","RED","RiemannED","500","11.476771","6681","TL"
"SNIP","I2;S3;B50","RNm","RiemannNorm","500.01","8.250394","6990","TL"
"SNIP","I2;S3;B50","QRNm","QRiemannNorm","500","9.469014","6382","TL"
"SNIP","I3;S3;B30","C","C","458.95","0.099983","65664","Opt"
"SNIP","I3;S3;B30","MIS","MIS","500","1.082486","56544","TL"
"SNIP","I3;S3;B30","MW","MW","500","0.942845","12652","Good"
"SNIP","I3;S3;B30","CW","CW","500","1.183344","8684","TL"
"SNIP","I3;S3;B30","Lp","Lp","500.01","2.145671","6391","TL"
"SNIP","I3;S3;B30","RED","RiemannED","445.21","0.099982","6894","Opt"
"SNIP","I3;S3;B30","RNm","RiemannNorm","500","1.40438","6608","TL"
"SNIP","I3;S3;B30","QRNm","QRiemannNorm","500","1.45192","6508","TL"
"SNIP","I3;S3;B40","C","C","500","7.935414","79344","TL"
"SNIP","I3;S3;B40","MIS","MIS","500","6.574214","61104","TL"
"SNIP","I3;S3;B40","MW","MW","500","7.802869","16420","TL"
"SNIP","I3;S3;B40","CW","CW","500.01","7.0385","15258","TL"
"SNIP","I3;S3;B40","Lp","Lp","500","7.007194","9588","TL"
"SNIP","I3;S3;B40","RED","RiemannED","500.01","7.758072","9345","TL"
"SNIP","I3;S3;B40","RNm","RiemannNorm","500","6.621304","8101","TL"
"SNIP","I3;S3;B40","QRNm","QRiemannNorm","500","6.442674","8019","TL"
"SNIP","I3;S3;B50","C","C","500","4.80079","84816","TL"
"SNIP","I3;S3;B50","MIS","MIS","500","4.968871","45600","TL"
"SNIP","I3;S3;B50","MW","MW","500.02","4.084953","21806","TL"
"SNIP","I3;S3;B50","CW","CW","500.02","5.150066","15346","TL"
"SNIP","I3;S3;B50","Lp","Lp","500.01","4.107873","8956","TL"
"SNIP","I3;S3;B50","RED","RiemannED","500","5.270261","11029","TL"
"SNIP","I3;S3;B50","RNm","RiemannNorm","500.01","3.804162","8571","TL"
"SNIP","I3;S3;B50","QRNm","QRiemannNorm","500","3.031553","8826","TL"
"SNIP","I4;S3;B30","C","C","496.01","0.09999","83448","Opt"
"SNIP","I4;S3;B30","MIS","MIS","500.01","0.204823","48336","Good"
"SNIP","I4;S3;B30","MW","MW","500.01","0.127125","20576","Good"
"SNIP","I4;S3;B30","CW","CW","500.01","1.721749","14038","TL"
"SNIP","I4;S3;B30","Lp","Lp","500.01","0.607474","7401","Good"
"SNIP","I4;S3;B30","RED","RiemannED","459.52","0.099993","6839","Opt"
"SNIP","I4;S3;B30","RNm","RiemannNorm","453.03","0.099996","7232","Opt"
"SNIP","I4;S3;B30","QRNm","QRiemannNorm","423.33","0.099996","6948","Opt"
"SNIP","I4;S3;B40","C","C","500","5.350066","84816","TL"
"SNIP","I4;S3;B40","MIS","MIS","500.03","6.447678","43776","TL"
"SNIP","I4;S3;B40","MW","MW","500","4.814891","19742","TL"
"SNIP","I4;S3;B40","CW","CW","500","5.331611","16472","TL"
"SNIP","I4;S3;B40","Lp","Lp","500.01","5.650287","8131","TL"
"SNIP","I4;S3;B40","RED","RiemannED","500.01","6.029682","8409","TL"
"SNIP","I4;S3;B40","RNm","RiemannNorm","500","6.588589","7028","TL"
"SNIP","I4;S3;B40","QRNm","QRiemannNorm","500.01","6.613913","6961","TL"
"SNIP","I4;S3;B50","C","C","500.01","8.915508","88920","TL"
"SNIP","I4;S3;B50","MIS","MIS","500","10.694381","57456","TL"
"SNIP","I4;S3;B50","MW","MW","500.07","8.586003","23954","TL"
"SNIP","I4;S3;B50","CW","CW","500.03","9.506791","16532","TL"
"SNIP","I4;S3;B50","Lp","Lp","500","8.773496","10838","TL"
"SNIP","I4;S3;B50","RED","RiemannED","500.01","9.71026","10110","TL"
"SNIP","I4;S3;B50","RNm","RiemannNorm","500.01","9.996463","8903","TL"
"SNIP","I4;S3;B50","QRNm","QRiemannNorm","500","9.907332","8899","TL"
"SNIP","I0;S4;B30","C","C","178.74","0.099914","97128","Opt"
"SNIP","I0;S4;B30","MIS","MIS","188.01","0.051821","60192","Opt"
"SNIP","I0;S4;B30","MW","MW","134.41","0.099997","13108","Opt"
"SNIP","I0;S4;B30","CW","CW","134.48","0.09993","11254","Opt"
"SNIP","I0;S4;B30","Lp","Lp","179.91","0.099997","9345","Opt"
"SNIP","I0;S4;B30","RED","RiemannED","118.97","0.060812","10673","Opt"
"SNIP","I0;S4;B30","RNm","RiemannNorm","162.3","0.099891","8642","Opt"
"SNIP","I0;S4;B30","QRNm","QRiemannNorm","167.1","0.099891","8591","Opt"
"SNIP","I0;S4;B40","C","C","251.15","0.099975","82080","Opt"
"SNIP","I0;S4;B40","MIS","MIS","397.07","0.099973","72048","Opt"
"SNIP","I0;S4;B40","MW","MW","484.93","0.099985","17568","Opt"
"SNIP","I0;S4;B40","CW","CW","232.51","0.099974","15970","Opt"
"SNIP","I0;S4;B40","Lp","Lp","329.68","0.099967","13865","Opt"
"SNIP","I0;S4;B40","RED","RiemannED","355.78","0.099956","10510","Opt"
"SNIP","I0;S4;B40","RNm","RiemannNorm","231.26","0.099945","10808","Opt"
"SNIP","I0;S4;B40","QRNm","QRiemannNorm","262.06","0.099945","10795","Opt"
"SNIP","I0;S4;B50","C","C","500.02","2.868942","90288","TL"
"SNIP","I0;S4;B50","MIS","MIS","500.03","2.485899","61104","TL"
"SNIP","I0;S4;B50","MW","MW","500.02","3.420127","29664","TL"
"SNIP","I0;S4;B50","CW","CW","500.03","4.112726","18484","TL"
"SNIP","I0;S4;B50","Lp","Lp","500","5.036148","10843","TL"
"SNIP","I0;S4;B50","RED","RiemannED","500.04","3.967605","17271","TL"
"SNIP","I0;S4;B50","RNm","RiemannNorm","500.01","4.465174","12055","TL"
"SNIP","I0;S4;B50","QRNm","QRiemannNorm","500","4.317269","12411","TL"
"SNIP","I1;S4;B30","C","C","441.88","0.1","84816","Opt"
"SNIP","I1;S4;B30","MIS","MIS","244.83","0.099982","41040","Opt"
"SNIP","I1;S4;B30","MW","MW","274.89","0.099985","20226","Opt"
"SNIP","I1;S4;B30","CW","CW","300.79","0.099997","10912","Opt"
"SNIP","I1;S4;B30","Lp","Lp","405.96","0.099982","4952","Opt"
"SNIP","I1;S4;B30","RED","RiemannED","500","1.345307","6306","TL"
"SNIP","I1;S4;B30","RNm","RiemannNorm","500","1.102219","6508","TL"
"SNIP","I1;S4;B30","QRNm","QRiemannNorm","500.01","1.167249","6365","TL"
"SNIP","I1;S4;B40","C","C","500","5.506983","95760","TL"
"SNIP","I1;S4;B40","MIS","MIS","500.01","5.062586","57456","TL"
"SNIP","I1;S4;B40","MW","MW","500.02","6.504785","22470","TL"
"SNIP","I1;S4;B40","CW","CW","500.01","6.330037","14864","TL"
"SNIP","I1;S4;B40","Lp","Lp","500","4.638273","7037","TL"
"SNIP","I1;S4;B40","RED","RiemannED","500.01","5.240149","10067","TL"
"SNIP","I1;S4;B40","RNm","RiemannNorm","500","5.227157","7617","TL"
"SNIP","I1;S4;B40","QRNm","QRiemannNorm","500.01","5.204499","7581","TL"
"SNIP","I1;S4;B50","C","C","500","6.133109","88920","TL"
"SNIP","I1;S4;B50","MIS","MIS","500.01","7.25399","58368","TL"
"SNIP","I1;S4;B50","MW","MW","500.02","9.498372","21516","TL"
"SNIP","I1;S4;B50","CW","CW","500.01","9.868116","16206","TL"
"SNIP","I1;S4;B50","Lp","Lp","500","10.260107","8618","TL"
"SNIP","I1;S4;B50","RED","RiemannED","500.01","9.17406","8321","TL"
"SNIP","I1;S4;B50","RNm","RiemannNorm","500.03","9.698925","9182","TL"
"SNIP","I1;S4;B50","QRNm","QRiemannNorm","500.01","9.711297","9447","TL"
"SNIP","I2;S4;B30","C","C","500","1.939546","77976","TL"
"SNIP","I2;S4;B30","MIS","MIS","500","2.457405","69312","TL"
"SNIP","I2;S4;B30","MW","MW","500.01","1.146057","12514","TL"
"SNIP","I2;S4;B30","CW","CW","500.01","1.232008","10914","TL"
"SNIP","I2;S4;B30","Lp","Lp","500.01","2.022901","9304","TL"
"SNIP","I2;S4;B30","RED","RiemannED","500.01","3.043154","8337","TL"
"SNIP","I2;S4;B30","RNm","RiemannNorm","500","1.334736","6995","TL"
"SNIP","I2;S4;B30","QRNm","QRiemannNorm","500.01","0.722408","7031","Good"
"SNIP","I2;S4;B40","C","C","500","7.978929","77976","TL"
"SNIP","I2;S4;B40","MIS","MIS","500","4.818704","54720","TL"
"SNIP","I2;S4;B40","MW","MW","500","4.660503","16786","TL"
"SNIP","I2;S4;B40","CW","CW","500","5.923017","14794","TL"
"SNIP","I2;S4;B40","Lp","Lp","500.01","3.150283","9820","TL"
"SNIP","I2;S4;B40","RED","RiemannED","500","5.512756","10008","TL"
"SNIP","I2;S4;B40","RNm","RiemannNorm","500","5.349661","9184","TL"
"SNIP","I2;S4;B40","QRNm","QRiemannNorm","500.01","5.697716","9359","TL"
"SNIP","I2;S4;B50","C","C","500.01","8.703166","91656","TL"
"SNIP","I2;S4;B50","MIS","MIS","500.02","9.73484","53808","TL"
"SNIP","I2;S4;B50","MW","MW","500.04","10.539265","14574","TL"
"SNIP","I2;S4;B50","CW","CW","500.04","10.999843","15724","TL"
"SNIP","I2;S4;B50","Lp","Lp","500","9.45015","10899","TL"
"SNIP","I2;S4;B50","RED","RiemannED","500.06","10.021737","11203","TL"
"SNIP","I2;S4;B50","RNm","RiemannNorm","500","8.851415","9486","TL"
"SNIP","I2;S4;B50","QRNm","QRiemannNorm","500","10.124954","8597","TL"
"SNIP","I3;S4;B30","C","C","461.43","0.099991","65664","Opt"
"SNIP","I3;S4;B30","MIS","MIS","382","0.099946","47424","Opt"
"SNIP","I3;S4;B30","MW","MW","448.66","0.099996","12466","Opt"
"SNIP","I3;S4;B30","CW","CW","456.44","0.099985","10714","Opt"
"SNIP","I3;S4;B30","Lp","Lp","500.01","1.451159","9073","TL"
"SNIP","I3;S4;B30","RED","RiemannED","500","1.122474","7853","TL"
"SNIP","I3;S4;B30","RNm","RiemannNorm","500.01","1.158535","8296","TL"
"SNIP","I3;S4;B30","QRNm","QRiemannNorm","500","0.548126","8295","Good"
"SNIP","I3;S4;B40","C","C","500.01","5.078459","95760","TL"
"SNIP","I3;S4;B40","MIS","MIS","500.01","5.985368","69312","TL"
"SNIP","I3;S4;B40","MW","MW","500","4.784453","20858","TL"
"SNIP","I3;S4;B40","CW","CW","500.01","5.208954","14598","TL"
"SNIP","I3;S4;B40","Lp","Lp","500.01","4.631749","11781","TL"
"SNIP","I3;S4;B40","RED","RiemannED","500","5.058857","11763","TL"
"SNIP","I3;S4;B40","RNm","RiemannNorm","500.02","5.523289","10618","TL"
"SNIP","I3;S4;B40","QRNm","QRiemannNorm","500.01","5.134299","10624","TL"
"SNIP","I3;S4;B50","C","C","500.01","2.996725","87552","TL"
"SNIP","I3;S4;B50","MIS","MIS","500","3.64035","64752","TL"
"SNIP","I3;S4;B50","MW","MW","500.03","5.959437","24958","TL"
"SNIP","I3;S4;B50","CW","CW","500.06","6.66293","16754","TL"
"SNIP","I3;S4;B50","Lp","Lp","500","3.182131","11187","TL"
"SNIP","I3;S4;B50","RED","RiemannED","500.02","5.871215","11841","TL"
"SNIP","I3;S4;B50","RNm","RiemannNorm","500.02","5.853991","11703","TL"
"SNIP","I3;S4;B50","QRNm","QRiemannNorm","500.02","5.71792","11767","TL"
"SNIP","I4;S4;B30","C","C","201.3","0.099827","75240","Opt"
"SNIP","I4;S4;B30","MIS","MIS","341.51","0.099995","51984","Opt"
"SNIP","I4;S4;B30","MW","MW","254.97","0.099992","17350","Opt"
"SNIP","I4;S4;B30","CW","CW","214.89","0.099942","13934","Opt"
"SNIP","I4;S4;B30","Lp","Lp","184.73","0.09996","9778","Opt"
"SNIP","I4;S4;B30","RED","RiemannED","262.77","0.099998","9735","Opt"
"SNIP","I4;S4;B30","RNm","RiemannNorm","280.62","0.099994","8434","Opt"
"SNIP","I4;S4;B30","QRNm","QRiemannNorm","260.58","0.099994","8454","Opt"
"SNIP","I4;S4;B40","C","C","500","5.573865","90288","TL"
"SNIP","I4;S4;B40","MIS","MIS","500.02","5.107124","69312","TL"
"SNIP","I4;S4;B40","MW","MW","500","6.100364","19358","TL"
"SNIP","I4;S4;B40","CW","CW","500.01","5.526749","16968","TL"
"SNIP","I4;S4;B40","Lp","Lp","500.01","4.454354","14207","TL"
"SNIP","I4;S4;B40","RED","RiemannED","500.01","5.906348","9237","TL"
"SNIP","I4;S4;B40","RNm","RiemannNorm","500","6.164867","11434","TL"
"SNIP","I4;S4;B40","QRNm","QRiemannNorm","500.01","6.635201","11078","TL"
"SNIP","I4;S4;B50","C","C","500.03","8.446783","103968","TL"
"SNIP","I4;S4;B50","MIS","MIS","500.02","12.695622","61104","TL"
"SNIP","I4;S4;B50","MW","MW","500.04","9.265498","25090","TL"
"SNIP","I4;S4;B50","CW","CW","500.03","10.177326","19326","TL"
"SNIP","I4;S4;B50","Lp","Lp","500.03","10.78766","11956","TL"
"SNIP","I4;S4;B50","RED","RiemannED","500.04","10.868223","12938","TL"
"SNIP","I4;S4;B50","RNm","RiemannNorm","500.05","10.880358","12759","TL"
"SNIP","I4;S4;B50","QRNm","QRiemannNorm","500.03","10.853736","12139","TL"
