"Family","Metric","Baseline","Instance","TimeRatio","CutRatio","GapDiff"
"FLCAP","RED","Lp","cap61","1","0.416666666666667","-0.049667"
"FLCAP","RED","C","cap61","0.833333333333333","0.104166666666667","0"
"FLCAP","RED","Lp","cap62","1.2","0.615384615384615","-0.044016"
"FLCAP","RED","C","cap62","2","0.121212121212121","-0.03181"
"FLCAP","RED","Lp","cap63","1.33333333333333","0.384615384615385","-0.021592"
"FLCAP","RED","C","cap63","1.33333333333333","0.0900900900900901","-0.014923"
"FLCAP","RED","Lp","cap64","1","0.321428571428571","-0.099861"
"FLCAP","RED","C","cap64","1","0.1","-0.048184"
"FLCAP","RED","Lp","cap71","1.66666666666667","0.727272727272727","0.051033"
"FLCAP","RED","C","cap71","1.66666666666667","0.133333333333333","0.051033"
"FLCAP","RED","Lp","cap72","1","0.461538461538462","-0.089838"
"FLCAP","RED","C","cap72","1.5","0.0909090909090909","0"
"FLCAP","RED","Lp","cap73","1","0.315789473684211","0"
"FLCAP","RED","C","cap73","1.66666666666667","0.08","-0.076044"
"FLCAP","RED","Lp","cap74","1","0.4","-0.082369"
"FLCAP","RED","C","cap74","3","0.105263157894737","-0.086962"
"FLCAP","RED","Lp","cap91","0.6","0.3","-0.089307"
"FLCAP","RED","C","cap91","0.5","0.0625","-0.081731"
"FLCAP","RED","Lp","cap92","0.5","0.161290322580645","-0.019894"
"FLCAP","RED","C","cap92","0.888888888888889","0.0709219858156028","-0.000404000000000002"
"FLCAP","RED","Lp","cap93","0.571428571428571","0.156862745098039","0.012028"
"FLCAP","RED","C","cap93","0.421052631578947","0.0350877192982456","0.033321"
"FLCAP","RED","Lp","cap94","0.75","0.226415094339623","-0.011972"
"FLCAP","RED","C","cap94","0.705882352941176","0.0571428571428571","0.01595"
"FLCAP","RED","Lp","cap101","1","0.375","-0.059433"
"FLCAP","RED","C","cap101","1","0.0638297872340425","-0.07011"
"FLCAP","RED","Lp","cap102","0.666666666666667","0.179487179487179","-0.018659"
"FLCAP","RED","C","cap102","0.666666666666667","0.0402298850574713","0.009216"
"FLCAP","RED","Lp","cap103","0.833333333333333","0.28","-0.08453"
"FLCAP","RED","C","cap103","0.833333333333333","0.0569105691056911","-0.097223"
"FLCAP","RED","Lp","cap104","1.2","0.466666666666667","0"
"FLCAP","RED","C","cap104","1","0.0686274509803922","0"
"FLCAP","RED","Lp","cap121","0.583333333333333","0.174603174603175","-0.099978"
"FLCAP","RED","C","cap121","0.297872340425532","0.0363036303630363","-0.099664"
"FLCAP","RED","Lp","cap122","0.487179487179487","0.12621359223301","-0.042846"
"FLCAP","RED","C","cap122","0.372549019607843","0.0433333333333333","-0.045689"
"FLCAP","RED","Lp","cap123","0.290909090909091","0.0816326530612245","-0.00295000000000001"
"FLCAP","RED","C","cap123","0.262295081967213","0.0404040404040404","0.016038"
"FLCAP","RED","Lp","cap124","0.472222222222222","0.151515151515152","-0.00274000000000001"
"FLCAP","RED","C","cap124","0.2125","0.0467289719626168","-0.002924"
"FLCAP","RED","Lp","cap131","0.695652173913043","0.161764705882353","-0.097616"
"FLCAP","RED","C","cap131","0.0993788819875776","0.0147849462365591","-0.099951"
"FLCAP","RED","Lp","cap132","0.647058823529412","0.186440677966102","-0.092122"
"FLCAP","RED","C","cap132","0.083969465648855","0.0194003527336861","-0.099672"
"FLCAP","RED","Lp","cap133","0.727272727272727","0.261904761904762","0.015404"
"FLCAP","RED","C","cap133","0.036036036036036","0.0222222222222222","-0.024697"
"FLCAP","RED","Lp","cap134","1.2","0.444444444444444","-0.042624"
"FLCAP","RED","C","cap134","0.0618556701030928","0.0178970917225951","-0.053162"
"FLCAP","RED","Lp","capa1","1.56512944983819","0.6875","0.000369999999999995"
"FLCAP","RED","C","capa1","0.16628701594533","0.255813953488372","0.000461000000000003"
"FLCAP","RED","Lp","capa2","1.72033898305085","0.878048780487805","-0.00018"
"FLCAP","RED","C","capa2","0.118581063140566","0.142857142857143","0.00273799999999999"
"FLCAP","RED","Lp","capa3","2.527665317139","0.72972972972973","-0.012512"
"FLCAP","RED","C","capa3","0.133252703471827","0.163636363636364","0.04599"
"FLCAP","RED","Lp","capa4","3.83673469387755","1.07142857142857","-0.08222"
"FLCAP","RED","C","capa4","0.0287066727744694","0.102040816326531","-0.062896"
"FLCAP","RED","Lp","capb1","1.67938087341072","0.826923076923077","-0.000712000000000004"
"FLCAP","RED","C","capb1","0.0606387225548902","0.0912951167728238","-2.945459"
"FLCAP","RED","Lp","capb2","0.832051939176491","0.356756756756757","-2.10000000000071E-05"
"FLCAP","RED","C","capb2","0.0962393533980199","0.666666666666667","-16.924992"
"FLCAP","RED","Lp","capb3","0.953722334004024","0.292929292929293","-0.000164999999999998"
"FLCAP","RED","C","capb3","0.0755754857997011","0.111538461538462","-1.605843"
"FLCAP","RED","Lp","capb4","0.795009784735812","0.34","-0.000885999999999998"
"FLCAP","RED","C","capb4","0.0554815801154017","0.103030303030303","-0.000889000000000001"
"FLCAP","RED","Lp","capc1","0.886669561441598","0.345864661654135","-0.001529"
"FLCAP","RED","C","capc1","0.0401297042350398","0.121372031662269","-1.095567"
"FLCAP","RED","Lp","capc2","0.583869583869584","0.1875","-0.000127000000000002"
"FLCAP","RED","C","capc2","0.0489383506229661","0.455357142857143","-9.780973"
"FLCAP","RED","Lp","capc3","0.257524374735057","0.125984251968504","-0.000531000000000004"
"FLCAP","RED","C","capc3","0.024203187250996","0.0831168831168831","-0.668287"
"FLCAP","RED","Lp","capc4","0.110181664554288","0.0652173913043478","-0.000217000000000009"
"FLCAP","RED","C","capc4","0.102969046114972","0.118279569892473","-0.000195000000000001"
"FLCAP","RNm","Lp","cap61","1","0.416666666666667","-0.049667"
"FLCAP","RNm","C","cap61","0.833333333333333","0.104166666666667","0"
"FLCAP","RNm","Lp","cap62","1.2","0.615384615384615","-0.044016"
"FLCAP","RNm","C","cap62","2","0.121212121212121","-0.03181"
"FLCAP","RNm","Lp","cap63","1.33333333333333","0.384615384615385","-0.021592"
"FLCAP","RNm","C","cap63","1.33333333333333","0.0900900900900901","-0.014923"
"FLCAP","RNm","Lp","cap64","1","0.321428571428571","-0.099861"
"FLCAP","RNm","C","cap64","1","0.1","-0.048184"
"FLCAP","RNm","Lp","cap71","1","0.727272727272727","0"
"FLCAP","RNm","C","cap71","1","0.133333333333333","0"
"FLCAP","RNm","Lp","cap72","1","0.538461538461538","-0.089838"
"FLCAP","RNm","C","cap72","1.5","0.106060606060606","0"
"FLCAP","RNm","Lp","cap73","0.6","0.421052631578947","0"
"FLCAP","RNm","C","cap73","1","0.106666666666667","-0.076044"
"FLCAP","RNm","Lp","cap74","1","0.6","-0.082369"
"FLCAP","RNm","C","cap74","3","0.157894736842105","-0.086962"
"FLCAP","RNm","Lp","cap91","1","0.3","-0.089307"
"FLCAP","RNm","C","cap91","0.833333333333333","0.0625","-0.081731"
"FLCAP","RNm","Lp","cap92","0.5625","0.161290322580645","-0.019894"
"FLCAP","RNm","C","cap92","1","0.0709219858156028","-0.000404000000000002"
"FLCAP","RNm","Lp","cap93","0.571428571428571","0.156862745098039","0.012028"
"FLCAP","RNm","C","cap93","0.421052631578947","0.0350877192982456","0.033321"
"FLCAP","RNm","Lp","cap94","0.6875","0.226415094339623","-0.011972"
"FLCAP","RNm","C","cap94","0.647058823529412","0.0571428571428571","0.01595"
"FLCAP","RNm","Lp","cap101","1","0.375","-0.059433"
"FLCAP","RNm","C","cap101","1","0.0638297872340425","-0.07011"
"FLCAP","RNm","Lp","cap102","0.555555555555556","0.179487179487179","-0.018659"
"FLCAP","RNm","C","cap102","0.555555555555556","0.0402298850574713","0.009216"
"FLCAP","RNm","Lp","cap103","1","0.28","-0.08453"
"FLCAP","RNm","C","cap103","1","0.0569105691056911","-0.097223"
"FLCAP","RNm","Lp","cap104","1.6","0.733333333333333","0"
"FLCAP","RNm","C","cap104","1.33333333333333","0.107843137254902","0"
"FLCAP","RNm","Lp","cap121","0.5","0.174603174603175","-0.099978"
"FLCAP","RNm","C","cap121","0.25531914893617","0.0363036303630363","-0.099664"
"FLCAP","RNm","Lp","cap122","0.487179487179487","0.12621359223301","-0.042846"
"FLCAP","RNm","C","cap122","0.372549019607843","0.0433333333333333","-0.045689"
"FLCAP","RNm","Lp","cap123","0.290909090909091","0.0816326530612245","-0.00295000000000001"
"FLCAP","RNm","C","cap123","0.262295081967213","0.0404040404040404","0.016038"
"FLCAP","RNm","Lp","cap124","0.472222222222222","0.151515151515152","-0.00274000000000001"
"FLCAP","RNm","C","cap124","0.2125","0.0467289719626168","-0.002924"
"FLCAP","RNm","Lp","cap131","0.608695652173913","0.161764705882353","-0.097616"
"FLCAP","RNm","C","cap131","0.0869565217391304","0.0147849462365591","-0.099951"
"FLCAP","RNm","Lp","cap132","0.529411764705882","0.186440677966102","-0.092122"
"FLCAP","RNm","C","cap132","0.0687022900763359","0.0194003527336861","-0.099672"
"FLCAP","RNm","Lp","cap133","0.727272727272727","0.261904761904762","0.015404"
"FLCAP","RNm","C","cap133","0.036036036036036","0.0222222222222222","-0.024697"
"FLCAP","RNm","Lp","cap134","1.2","0.444444444444444","-0.042624"
"FLCAP","RNm","C","cap134","0.0618556701030928","0.0178970917225951","-0.053162"
"FLCAP","RNm","Lp","capa1","1.59587378640777","0.6875","0.000369999999999995"
"FLCAP","RNm","C","capa1","0.169553444793055","0.255813953488372","0.000461000000000003"
"FLCAP","RNm","Lp","capa2","1.72650231124807","0.878048780487805","-0.00018"
"FLCAP","RNm","C","capa2","0.119005894535606","0.142857142857143","0.00273799999999999"
"FLCAP","RNm","Lp","capa3","2.50337381916329","0.72972972972973","-0.012512"
"FLCAP","RNm","C","capa3","0.131972111553785","0.163636363636364","0.04599"
"FLCAP","RNm","Lp","capa4","3.85034013605442","1.07142857142857","-0.08222"
"FLCAP","RNm","C","capa4","0.0288084694864356","0.102040816326531","-0.062896"
"FLCAP","RNm","Lp","capb1","1.67827529021559","0.826923076923077","-0.000712000000000004"
"FLCAP","RNm","C","capb1","0.0605988023952096","0.0912951167728238","-2.945459"
"FLCAP","RNm","Lp","capb2","0.832906201947719","0.356756756756757","-2.10000000000071E-05"
"FLCAP","RNm","C","capb2","0.0963381617690651","0.666666666666667","-16.924992"
"FLCAP","RNm","Lp","capb3","0.945674044265594","0.297979797979798","-0.000164999999999998"
"FLCAP","RNm","C","capb3","0.0749377179870453","0.113461538461538","-1.605843"
"FLCAP","RNm","Lp","capb4","0.795499021526419","0.34","-0.000885999999999998"
"FLCAP","RNm","C","capb4","0.0555157226262419","0.103030303030303","-0.000889000000000001"
"FLCAP","RNm","Lp","capc1","0.834129396439427","0.345864661654135","-0.001529"
"FLCAP","RNm","C","capc1","0.0377517932593102","0.121372031662269","-1.095567"
"FLCAP","RNm","Lp","capc2","0.576147576147576","0.1875","-0.000127000000000002"
"FLCAP","RNm","C","capc2","0.0482911130688049","0.455357142857143","-9.780973"
"FLCAP","RNm","Lp","capc3","0.252225519287834","0.125984251968504","-0.000531000000000004"
"FLCAP","RNm","C","capc3","0.0237051792828685","0.0831168831168831","-0.668287"
"FLCAP","RNm","Lp","capc4","0.114744402196874","0.0652173913043478","-0.000217000000000009"
"FLCAP","RNm","C","capc4","0.107233101705622","0.118279569892473","-0.000195000000000001"
"FLCAP","QRNm","Lp","cap61","1","0.416666666666667","-0.049667"
"FLCAP","QRNm","C","cap61","0.833333333333333","0.104166666666667","0"
"FLCAP","QRNm","Lp","cap62","1.2","0.692307692307692","-0.044016"
"FLCAP","QRNm","C","cap62","2","0.136363636363636","-0.03181"
"FLCAP","QRNm","Lp","cap63","1.33333333333333","0.307692307692308","-0.043405"
"FLCAP","QRNm","C","cap63","1.33333333333333","0.0720720720720721","-0.036736"
"FLCAP","QRNm","Lp","cap64","1.33333333333333","0.392857142857143","-0.099861"
"FLCAP","QRNm","C","cap64","1.33333333333333","0.122222222222222","-0.048184"
"FLCAP","QRNm","Lp","cap71","1","0.545454545454545","0"
"FLCAP","QRNm","C","cap71","1","0.1","0"
"FLCAP","QRNm","Lp","cap72","1","0.384615384615385","-0.089838"
"FLCAP","QRNm","C","cap72","1.5","0.0757575757575758","0"
"FLCAP","QRNm","Lp","cap73","0.6","0.263157894736842","0"
"FLCAP","QRNm","C","cap73","1","0.0666666666666667","-0.076044"
"FLCAP","QRNm","Lp","cap74","1","0.333333333333333","-0.082369"
"FLCAP","QRNm","C","cap74","3","0.087719298245614","-0.086962"
"FLCAP","QRNm","Lp","cap91","1.6","0.5","-0.089307"
"FLCAP","QRNm","C","cap91","1.33333333333333","0.104166666666667","-0.081731"
"FLCAP","QRNm","Lp","cap92","0.6875","0.209677419354839","-0.011937"
"FLCAP","QRNm","C","cap92","1.22222222222222","0.0921985815602837","0.00755299999999999"
"FLCAP","QRNm","Lp","cap93","1","0.215686274509804","-0.023929"
"FLCAP","QRNm","C","cap93","0.736842105263158","0.0482456140350877","-0.002636"
"FLCAP","QRNm","Lp","cap94","0.75","0.245283018867925","0.00025"
"FLCAP","QRNm","C","cap94","0.705882352941176","0.0619047619047619","0.028172"
"FLCAP","QRNm","Lp","cap101","0.833333333333333","0.333333333333333","-0.059433"
"FLCAP","QRNm","C","cap101","0.833333333333333","0.0567375886524823","-0.07011"
"FLCAP","QRNm","Lp","cap102","0.555555555555556","0.205128205128205","-0.098921"
"FLCAP","QRNm","C","cap102","0.555555555555556","0.0459770114942529","-0.071046"
"FLCAP","QRNm","Lp","cap103","1","0.32","-0.01678"
"FLCAP","QRNm","C","cap103","1","0.0650406504065041","-0.029473"
"FLCAP","QRNm","Lp","cap104","1.6","0.466666666666667","0"
"FLCAP","QRNm","C","cap104","1.33333333333333","0.0686274509803922","0"
"FLCAP","QRNm","Lp","cap121","0.458333333333333","0.142857142857143","-0.070977"
"FLCAP","QRNm","C","cap121","0.234042553191489","0.0297029702970297","-0.070663"
"FLCAP","QRNm","Lp","cap122","0.41025641025641","0.116504854368932","-0.020287"
"FLCAP","QRNm","C","cap122","0.313725490196078","0.04","-0.02313"
"FLCAP","QRNm","Lp","cap123","0.290909090909091","0.0884353741496599","-0.025143"
"FLCAP","QRNm","C","cap123","0.262295081967213","0.0437710437710438","-0.00615499999999999"
"FLCAP","QRNm","Lp","cap124","0.472222222222222","0.111111111111111","-0.02029"
"FLCAP","QRNm","C","cap124","0.2125","0.0342679127725857","-0.020474"
"FLCAP","QRNm","Lp","cap131","0.478260869565217","0.117647058823529","-0.097616"
"FLCAP","QRNm","C","cap131","0.0683229813664596","0.010752688172043","-0.099951"
"FLCAP","QRNm","Lp","cap132","0.705882352941176","0.169491525423729","-0.081069"
"FLCAP","QRNm","C","cap132","0.0916030534351145","0.017636684303351","-0.088619"
"FLCAP","QRNm","Lp","cap133","1","0.30952380952381","-0.057554"
"FLCAP","QRNm","C","cap133","0.0495495495495495","0.0262626262626263","-0.097655"
"FLCAP","QRNm","Lp","cap134","1.8","0.444444444444444","-0.088974"
"FLCAP","QRNm","C","cap134","0.0927835051546392","0.0178970917225951","-0.099512"
"FLCAP","QRNm","Lp","capa1","1.88349514563107","0.760416666666667","-0.000445000000000001"
"FLCAP","QRNm","C","capa1","0.200111746250054","0.282945736434109","-0.000353999999999993"
"FLCAP","QRNm","Lp","capa2","1.57550077041602","0.878048780487805","-0.003023"
"FLCAP","QRNm","C","capa2","0.108597525357124","0.142857142857143","-0.000105000000000008"
"FLCAP","QRNm","Lp","capa3","1.79082321187584","0.540540540540541","0.000173999999999994"
"FLCAP","QRNm","C","capa3","0.0944080819578828","0.121212121212121","0.058676"
"FLCAP","QRNm","Lp","capa4","4.16326530612245","0.785714285714286","-0.012897"
"FLCAP","QRNm","C","capa4","0.0311497938616583","0.0748299319727891","0.006427"
"FLCAP","QRNm","Lp","capb1","1.383637368712","0.769230769230769","-8.50000000000017E-05"
"FLCAP","QRNm","C","capb1","0.0499600798403194","0.0849256900212314","-2.944832"
"FLCAP","QRNm","Lp","capb2","1.05791901588929","0.448648648648649","1.89999999999912E-05"
"FLCAP","QRNm","C","capb2","0.122364286702369","0.838383838383838","-16.924952"
"FLCAP","QRNm","Lp","capb3","0.898390342052314","0.292929292929293","-0.000497999999999998"
"FLCAP","QRNm","C","capb3","0.0711908320876931","0.111538461538462","-1.606176"
"FLCAP","QRNm","Lp","capb4","1.19275929549902","0.5","-0.000927999999999998"
"FLCAP","QRNm","C","capb4","0.0832394414285227","0.151515151515152","-0.000931000000000001"
"FLCAP","QRNm","Lp","capc1","0.663482414242293","0.210526315789474","-0.000553999999999999"
"FLCAP","QRNm","C","capc1","0.0300284956273951","0.0738786279683377","-1.094592"
"FLCAP","QRNm","Lp","capc2","0.45023595023595","0.143382352941176","-1.60000000000021E-05"
"FLCAP","QRNm","C","capc2","0.0377375451717876","0.348214285714286","-9.780862"
"FLCAP","QRNm","Lp","capc3","0.33064857990674","0.141732283464567","-3.30000000000052E-05"
"FLCAP","QRNm","C","capc3","0.0310756972111554","0.0935064935064935","-0.667789"
"FLCAP","QRNm","Lp","capc4","0.0907477820025349","0.0553359683794466","-0.00223100000000001"
"FLCAP","QRNm","C","capc4","0.0848073278584965","0.100358422939068","-0.002209"
"NDR","RED","Lp","r01.1.dow","0.875","1","0"
"NDR","RED","C","r01.1.dow","0.583333333333333","0.0476190476190476","0"
"NDR","RED","Lp","r01.2.dow","0.777777777777778","1","0"
"NDR","RED","C","r01.2.dow","1.75","0.0808080808080808","0"
"NDR","RED","Lp","r01.3.dow","0.8","0.6","0"
"NDR","RED","C","r01.3.dow","1.2","0.032258064516129","0"
"NDR","RED","Lp","r01.4.dow","0.94","1.46153846153846","-0.048048"
"NDR","RED","C","r01.4.dow","3.13333333333333","0.221445221445221","-0.037973"
"NDR","RED","Lp","r01.5.dow","1.2032967032967","1.0472972972973","0.076742"
"NDR","RED","C","r01.5.dow","8.42307692307692","0.192786069651741","0.025877"
"NDR","RED","Lp","r01.6.dow","0.648275862068965","0.770992366412214","-0.068833"
"NDR","RED","C","r01.6.dow","1.38235294117647","0.0869939707149009","-0.075723"
"NDR","RED","Lp","r02.1.dow","1.19047619047619","1.45161290322581","-0.05211"
"NDR","RED","C","r02.1.dow","1.31578947368421","0.154639175257732","-0.051874"
"NDR","RED","Lp","r02.2.dow","1.26470588235294","1.62264150943396","-0.01117"
"NDR","RED","C","r02.2.dow","1.13157894736842","0.0868686868686869","0.05007"
"NDR","RED","Lp","r02.3.dow","0.37037037037037","0.877551020408163","-0.083569"
"NDR","RED","C","r02.3.dow","1.03448275862069","0.0573333333333333","-0.064362"
"NDR","RED","Lp","r02.4.dow","1.36363636363636","1.76470588235294","0"
"NDR","RED","C","r02.4.dow","2.5","0.204081632653061","-0.010731"
"NDR","RED","Lp","r02.5.dow","1.0952380952381","1.08108108108108","0"
"NDR","RED","C","r02.5.dow","1.64285714285714","0.182648401826484","0"
"NDR","RED","Lp","r02.6.dow","1.36363636363636","0.966666666666667","0"
"NDR","RED","C","r02.6.dow","1.57894736842105","0.123931623931624","-0.041878"
"NDR","RED","Lp","r03.1.dow","1.55555555555556","1.63636363636364","-0.03689"
"NDR","RED","C","r03.1.dow","0.378378378378378","0.0451127819548872","0.044936"
"NDR","RED","Lp","r03.2.dow","0.689189189189189","1.51351351351351","-0.00963499999999999"
"NDR","RED","C","r03.2.dow","0.418032786885246","0.0777777777777778","0.018801"
"NDR","RED","Lp","r03.3.dow","1.34210526315789","1.58974358974359","0.02474"
"NDR","RED","C","r03.3.dow","0.476635514018692","0.082010582010582","0.005102"
"NDR","RED","Lp","r03.4.dow","1.5","0.8","0"
"NDR","RED","C","r03.4.dow","1","0.0888888888888889","0"
"NDR","RED","Lp","r03.5.dow","1.22222222222222","1.33333333333333","0.087607"
"NDR","RED","C","r03.5.dow","1.375","0.141843971631206","-0.00724799999999999"
"NDR","RED","Lp","r03.6.dow","0.75","0.758620689655172","0.007443"
"NDR","RED","C","r03.6.dow","1.33333333333333","0.159420289855072","-0.015628"
"NDR","RED","Lp","r04.1.dow","0.833333333333333","0.8","0.000663"
"NDR","RED","C","r04.1.dow","1","0.032520325203252","0.000663"
"NDR","RED","Lp","r04.2.dow","1.8","2.1","-0.030402"
"NDR","RED","C","r04.2.dow","2","0.0736842105263158","0.061884"
"NDR","RED","Lp","r04.3.dow","1","1.11764705882353","0.082495"
"NDR","RED","C","r04.3.dow","0.9375","0.0386178861788618","0.082495"
"NDR","RED","Lp","r04.4.dow","1","1.07894736842105","0.007539"
"NDR","RED","C","r04.4.dow","3.05263157894737","0.200980392156863","-0.012453"
"NDR","RED","Lp","r04.5.dow","0.924242424242424","1","0.038208"
"NDR","RED","C","r04.5.dow","1.35555555555556","0.0790229885057471","-0.056904"
"NDR","RED","Lp","r04.6.dow","0.872727272727273","0.934782608695652","0.059405"
"NDR","RED","C","r04.6.dow","0.842105263157895","0.0595980595980596","0.004368"
"NDR","RED","Lp","r04.7.dow","0.877272727272727","0.961904761904762","-0.003682"
"NDR","RED","C","r04.7.dow","1.28666666666667","0.105098855359001","-0.001147"
"NDR","RED","Lp","r04.8.dow","1.1968085106383","1.50218340611354","0.001611"
"NDR","RED","C","r04.8.dow","0.949367088607595","0.104718417047184","0.000105999999999995"
"NDR","RED","Lp","r04.9.dow","0.785310734463277","0.795275590551181","0.002498"
"NDR","RED","C","r04.9.dow","0.908496732026144","0.0722460658082976","-0.001792"
"NDR","RED","Lp","r05.1.dow","1.125","1.34090909090909","-0.089685"
"NDR","RED","C","r05.1.dow","1.71428571428571","0.134703196347032","-0.08432"
"NDR","RED","Lp","r05.2.dow","1.45833333333333","1.57692307692308","-0.010138"
"NDR","RED","C","r05.2.dow","0.411764705882353","0.0297424737033007","-0.011566"
"NDR","RED","Lp","r05.3.dow","0.790697674418605","0.979487179487179","0.011001"
"NDR","RED","C","r05.3.dow","0.197674418604651","0.0305502239283429","-0.006061"
"NDR","RED","Lp","r05.4.dow","1.03174603174603","1.17857142857143","0.00917699999999999"
"NDR","RED","C","r05.4.dow","0.706521739130435","0.0605504587155963","-0.000187000000000007"
"NDR","RED","Lp","r05.5.dow","0.790575916230366","1.04166666666667","0.00699899999999999"
"NDR","RED","C","r05.5.dow","0.0708587517597372","0.0220787106033008","-0.00129900000000001"
"NDR","RED","Lp","r05.7.dow","1.11538461538462","1.47058823529412","0.038947"
"NDR","RED","C","r05.7.dow","2.9","0.260416666666667","0.035826"
"NDR","RED","Lp","r05.8.dow","0.775510204081633","1.36734693877551","-0.03751"
"NDR","RED","C","r05.8.dow","2","0.218954248366013","-0.031121"
"NDR","RED","Lp","r05.9.dow","0.666666666666667","1","-0.026097"
"NDR","RED","C","r05.9.dow","1.15789473684211","0.101928374655647","-0.057236"
"NDR","RED","Lp","r06.1.dow","1.46575342465753","1.81707317073171","-0.00877599999999999"
"NDR","RED","C","r06.1.dow","0.753521126760563","0.110616184112843","-0.00559499999999999"
"NDR","RED","Lp","r06.4.dow","1.08990147783251","1.21448863636364","-0.000236"
"NDR","RED","C","r06.4.dow","0.165699307245834","0.0590428837787446","-0.000381999999999993"
"NDR","RED","Lp","r06.7.dow","1.11111111111111","1.14285714285714","0.017324"
"NDR","RED","C","r06.7.dow","1.11111111111111","0.0888888888888889","0.017324"
"NDR","RED","Lp","r06.8.dow","1.07692307692308","2","-0.08075"
"NDR","RED","C","r06.8.dow","1","0.0707070707070707","0"
"NDR","RED","Lp","r06.9.dow","1.07364341085271","1.17486338797814","-0.003442"
"NDR","RED","C","r06.9.dow","0.108712715855573","0.0154387476662358","-0.007797"
"NDR","RED","Lp","r05.6.dow","1.09774436090226","1.22782608695652","-0.001275"
"NDR","RED","C","r05.6.dow","0.0233590656373745","0.0140480738618274","-0.133455"
"NDR","RED","Lp","r06.2.dow","0.523224043715847","0.869294605809129","8.000000000008E-06"
"NDR","RED","C","r06.2.dow","0.067453328636844","0.0169395593288862","2.80000000000002E-05"
"NDR","RED","Lp","r06.3.dow","1.28419508617528","1.40290381125227","-0.000173000000000006"
"NDR","RED","C","r06.3.dow","0.0880541097784818","0.0245140012050867","-7.20000000000026E-05"
"NDR","RED","Lp","r06.5.dow","0.843410741246675","1.09914129586261","-3.99999999999984E-05"
"NDR","RED","C","r06.5.dow","0.234610615575377","0.027091510813515","-1.68626"
"NDR","RED","Lp","r06.6.dow","1","1.02516356316054","-0.153822"
"NDR","RED","C","r06.6.dow","0.999980000399992","0.0349279835390947","-2.784494"
"NDR","RNm","Lp","r01.1.dow","1.5","1.16666666666667","0"
"NDR","RNm","C","r01.1.dow","1","0.0555555555555556","0"
"NDR","RNm","Lp","r01.2.dow","0.777777777777778","0.875","0.033219"
"NDR","RNm","C","r01.2.dow","1.75","0.0707070707070707","0.033219"
"NDR","RNm","Lp","r01.3.dow","1.6","2.06666666666667","0"
"NDR","RNm","C","r01.3.dow","2.4","0.111111111111111","0"
"NDR","RNm","Lp","r01.4.dow","1.02","1.49230769230769","-0.092388"
"NDR","RNm","C","r01.4.dow","3.4","0.226107226107226","-0.082313"
"NDR","RNm","Lp","r01.5.dow","0.571428571428571","0.885135135135135","0"
"NDR","RNm","C","r01.5.dow","4","0.162935323383085","-0.050865"
"NDR","RNm","Lp","r01.6.dow","1.2551724137931","1.38167938931298","0.015735"
"NDR","RNm","C","r01.6.dow","2.67647058823529","0.155900086132644","0.00884500000000001"
"NDR","RNm","Lp","r02.1.dow","1.14285714285714","1.67741935483871","-0.063224"
"NDR","RNm","C","r02.1.dow","1.26315789473684","0.178694158075601","-0.062988"
"NDR","RNm","Lp","r02.2.dow","1.05882352941176","1.45283018867925","-0.095751"
"NDR","RNm","C","r02.2.dow","0.947368421052632","0.0777777777777778","-0.034511"
"NDR","RNm","Lp","r02.3.dow","0.444444444444444","1.18367346938776","-0.048456"
"NDR","RNm","C","r02.3.dow","1.24137931034483","0.0773333333333333","-0.029249"
"NDR","RNm","Lp","r02.4.dow","1.18181818181818","2","0"
"NDR","RNm","C","r02.4.dow","2.16666666666667","0.231292517006803","-0.010731"
"NDR","RNm","Lp","r02.5.dow","1.0952380952381","1.21621621621622","0"
"NDR","RNm","C","r02.5.dow","1.64285714285714","0.205479452054795","0"
"NDR","RNm","Lp","r02.6.dow","1.22727272727273","1.36666666666667","0"
"NDR","RNm","C","r02.6.dow","1.42105263157895","0.175213675213675","-0.041878"
"NDR","RNm","Lp","r03.1.dow","2.22222222222222","2.18181818181818","-0.081826"
"NDR","RNm","C","r03.1.dow","0.540540540540541","0.0601503759398496","0"
"NDR","RNm","Lp","r03.2.dow","0.783783783783784","1.54054054054054","-0.086347"
"NDR","RNm","C","r03.2.dow","0.475409836065574","0.0791666666666667","-0.057911"
"NDR","RNm","Lp","r03.3.dow","1.31578947368421","1.58974358974359","0.018104"
"NDR","RNm","C","r03.3.dow","0.467289719626168","0.082010582010582","-0.00153399999999999"
"NDR","RNm","Lp","r03.4.dow","0.75","0.7","0"
"NDR","RNm","C","r03.4.dow","0.5","0.0777777777777778","0"
"NDR","RNm","Lp","r03.5.dow","1.11111111111111","1.33333333333333","0.087607"
"NDR","RNm","C","r03.5.dow","1.25","0.141843971631206","-0.00724799999999999"
"NDR","RNm","Lp","r03.6.dow","0.6875","0.827586206896552","0.049985"
"NDR","RNm","C","r03.6.dow","1.22222222222222","0.173913043478261","0.026914"
"NDR","RNm","Lp","r04.1.dow","0.666666666666667","1.4","0"
"NDR","RNm","C","r04.1.dow","0.8","0.0569105691056911","0"
"NDR","RNm","Lp","r04.2.dow","1.4","2","-0.084982"
"NDR","RNm","C","r04.2.dow","1.55555555555556","0.0701754385964912","0.007304"
"NDR","RNm","Lp","r04.3.dow","1.13333333333333","1.41176470588235","0.092268"
"NDR","RNm","C","r04.3.dow","1.0625","0.0487804878048781","0.092268"
"NDR","RNm","Lp","r04.4.dow","1.27586206896552","1.52631578947368","0.011999"
"NDR","RNm","C","r04.4.dow","3.89473684210526","0.284313725490196","-0.00799299999999999"
"NDR","RNm","Lp","r04.5.dow","1.60606060606061","1.65454545454545","0"
"NDR","RNm","C","r04.5.dow","2.35555555555556","0.130747126436782","-0.095112"
"NDR","RNm","Lp","r04.6.dow","1.14545454545455","1.34782608695652","0.053565"
"NDR","RNm","C","r04.6.dow","1.10526315789474","0.0859320859320859","-0.001472"
"NDR","RNm","Lp","r04.7.dow","0.777272727272727","1.08571428571429","-0.000833"
"NDR","RNm","C","r04.7.dow","1.14","0.118626430801249","0.00170200000000001"
"NDR","RNm","Lp","r04.8.dow","1.20744680851064","1.48471615720524","-0.001359"
"NDR","RNm","C","r04.8.dow","0.957805907172996","0.103500761035008","-0.00286400000000001"
"NDR","RNm","Lp","r04.9.dow","0.949152542372881","0.913385826771654","0.006414"
"NDR","RNm","C","r04.9.dow","1.09803921568627","0.0829756795422032","0.002124"
"NDR","RNm","Lp","r05.1.dow","1.1875","1.90909090909091","-0.089685"
"NDR","RNm","C","r05.1.dow","1.80952380952381","0.191780821917808","-0.08432"
"NDR","RNm","Lp","r05.2.dow","0.895833333333333","1.57692307692308","0.006037"
"NDR","RNm","C","r05.2.dow","0.252941176470588","0.0297424737033007","0.004609"
"NDR","RNm","Lp","r05.3.dow","0.86046511627907","1.03076923076923","0.01521"
"NDR","RNm","C","r05.3.dow","0.215116279069767","0.0321497120921305","-0.00185199999999999"
"NDR","RNm","Lp","r05.4.dow","0.873015873015873","0.964285714285714","-0.018641"
"NDR","RNm","C","r05.4.dow","0.597826086956522","0.0495412844036697","-0.028005"
"NDR","RNm","Lp","r05.5.dow","1.02879581151832","1.52604166666667","0.007325"
"NDR","RNm","C","r05.5.dow","0.0922102299389958","0.0323453110338356","-0.000973000000000002"
"NDR","RNm","Lp","r05.7.dow","0.961538461538461","1.44117647058824","-0.009776"
"NDR","RNm","C","r05.7.dow","2.5","0.255208333333333","-0.012897"
"NDR","RNm","Lp","r05.8.dow","0.612244897959184","0.979591836734694","-0.036586"
"NDR","RNm","C","r05.8.dow","1.57894736842105","0.156862745098039","-0.030197"
"NDR","RNm","Lp","r05.9.dow","1.03030303030303","1.21621621621622","-0.061026"
"NDR","RNm","C","r05.9.dow","1.78947368421053","0.12396694214876","-0.092165"
"NDR","RNm","Lp","r06.1.dow","1.57534246575342","1.74390243902439","-0.003804"
"NDR","RNm","C","r06.1.dow","0.809859154929577","0.106161841128434","-0.000622999999999999"
"NDR","RNm","Lp","r06.4.dow","1.01231527093596","1.25","-0.000591000000000008"
"NDR","RNm","C","r06.4.dow","0.153903763340198","0.0607692838892342","-0.000737000000000002"
"NDR","RNm","Lp","r06.7.dow","1.22222222222222","1.14285714285714","0.066712"
"NDR","RNm","C","r06.7.dow","1.22222222222222","0.0888888888888889","0.066712"
"NDR","RNm","Lp","r06.8.dow","1.07692307692308","1.42857142857143","-0.08075"
"NDR","RNm","C","r06.8.dow","1","0.0505050505050505","0"
"NDR","RNm","Lp","r06.9.dow","0.972868217054263","1.22950819672131","0.003062"
"NDR","RNm","C","r06.9.dow","0.0985086342229199","0.0161568289530375","-0.001293"
"NDR","RNm","Lp","r05.6.dow","0.828007518796993","1.12521739130435","0.000671999999999992"
"NDR","RNm","C","r05.6.dow","0.0176192952281909","0.0128740846864056","-0.131508"
"NDR","RNm","Lp","r06.2.dow","0.362021857923497","1.03734439834025","0.000309000000000004"
"NDR","RNm","C","r06.2.dow","0.0466713631560409","0.0202142712755205","0.000328999999999996"
"NDR","RNm","Lp","r06.3.dow","1.6039603960396","1.43557168784029","-6.00000000000045E-05"
"NDR","RNm","C","r06.3.dow","0.109979633401222","0.0250848317635493","4.09999999999994E-05"
"NDR","RNm","Lp","r06.5.dow","0.973110935365591","1.52849336455894","4.99999999999112E-06"
"NDR","RNm","C","r06.5.dow","0.270689172433103","0.0376741322250443","-1.686215"
"NDR","RNm","Lp","r06.6.dow","1","1.14393558127831","-0.953741"
"NDR","RNm","C","r06.6.dow","0.999980000399992","0.0389746227709191","-3.584413"
"NDR","QRNm","Lp","r01.1.dow","0.75","1","0"
"NDR","QRNm","C","r01.1.dow","0.5","0.0476190476190476","0"
"NDR","QRNm","Lp","r01.2.dow","0.444444444444444","0.5","0"
"NDR","QRNm","C","r01.2.dow","1","0.0404040404040404","0"
"NDR","QRNm","Lp","r01.3.dow","1.33333333333333","1.26666666666667","0"
"NDR","QRNm","C","r01.3.dow","2","0.0681003584229391","0"
"NDR","QRNm","Lp","r01.4.dow","1.02","1.4","-0.003952"
"NDR","QRNm","C","r01.4.dow","3.4","0.212121212121212","0.006123"
"NDR","QRNm","Lp","r01.5.dow","0.483516483516484","1.11486486486486","0.06587"
"NDR","QRNm","C","r01.5.dow","3.38461538461538","0.205223880597015","0.015005"
"NDR","QRNm","Lp","r01.6.dow","0.76551724137931","0.702290076335878","-0.006394"
"NDR","QRNm","C","r01.6.dow","1.63235294117647","0.0792420327304048","-0.013284"
"NDR","QRNm","Lp","r02.1.dow","1.33333333333333","1.2258064516129","-0.018656"
"NDR","QRNm","C","r02.1.dow","1.47368421052632","0.130584192439863","-0.01842"
"NDR","QRNm","Lp","r02.2.dow","0.970588235294118","1.15094339622642","-0.020878"
"NDR","QRNm","C","r02.2.dow","0.868421052631579","0.0616161616161616","0.040362"
"NDR","QRNm","Lp","r02.3.dow","0.382716049382716","0.959183673469388","-0.083569"
"NDR","QRNm","C","r02.3.dow","1.06896551724138","0.0626666666666667","-0.064362"
"NDR","QRNm","Lp","r02.4.dow","1.09090909090909","1.23529411764706","0.023775"
"NDR","QRNm","C","r02.4.dow","2","0.142857142857143","0.013044"
"NDR","QRNm","Lp","r02.5.dow","1.42857142857143","0.837837837837838","0"
"NDR","QRNm","C","r02.5.dow","2.14285714285714","0.141552511415525","0"
"NDR","QRNm","Lp","r02.6.dow","0.909090909090909","0.933333333333333","0"
"NDR","QRNm","C","r02.6.dow","1.05263157894737","0.11965811965812","-0.041878"
"NDR","QRNm","Lp","r03.1.dow","1.22222222222222","1.36363636363636","-0.065103"
"NDR","QRNm","C","r03.1.dow","0.297297297297297","0.037593984962406","0.016723"
"NDR","QRNm","Lp","r03.2.dow","0.675675675675676","1.08108108108108","0.01092"
"NDR","QRNm","C","r03.2.dow","0.409836065573771","0.0555555555555556","0.039356"
"NDR","QRNm","Lp","r03.3.dow","1.60526315789474","1.74358974358974","-0.014386"
"NDR","QRNm","C","r03.3.dow","0.570093457943925","0.0899470899470899","-0.034024"
"NDR","QRNm","Lp","r03.4.dow","0.75","0.7","0"
"NDR","QRNm","C","r03.4.dow","0.5","0.0777777777777778","0"
"NDR","QRNm","Lp","r03.5.dow","1.33333333333333","1.46666666666667","0.099965"
"NDR","QRNm","C","r03.5.dow","1.5","0.156028368794326","0.00511"
"NDR","QRNm","Lp","r03.6.dow","0.75","0.655172413793103","-0.002823"
"NDR","QRNm","C","r03.6.dow","1.33333333333333","0.13768115942029","-0.025894"
"NDR","QRNm","Lp","r04.1.dow","0.666666666666667","1.2","0"
"NDR","QRNm","C","r04.1.dow","0.8","0.0487804878048781","0"
"NDR","QRNm","Lp","r04.2.dow","2.8","2.3","-0.014659"
"NDR","QRNm","C","r04.2.dow","3.11111111111111","0.0807017543859649","0.077627"
"NDR","QRNm","Lp","r04.3.dow","1.4","1.05882352941176","0.097759"
"NDR","QRNm","C","r04.3.dow","1.3125","0.0365853658536585","0.097759"
"NDR","QRNm","Lp","r04.4.dow","0.862068965517241","0.947368421052632","0.01344"
"NDR","QRNm","C","r04.4.dow","2.63157894736842","0.176470588235294","-0.00655199999999999"
"NDR","QRNm","Lp","r04.5.dow","1.42424242424242","1.37272727272727","0"
"NDR","QRNm","C","r04.5.dow","2.08888888888889","0.108477011494253","-0.095112"
"NDR","QRNm","Lp","r04.6.dow","1.36363636363636","1.3804347826087","0.046767"
"NDR","QRNm","C","r04.6.dow","1.31578947368421","0.088011088011088","-0.00827"
"NDR","QRNm","Lp","r04.7.dow","0.795454545454545","0.841269841269841","-0.003721"
"NDR","QRNm","C","r04.7.dow","1.16666666666667","0.091918140825529","-0.00118599999999999"
"NDR","QRNm","Lp","r04.8.dow","1.20744680851064","1.37554585152838","0.000324000000000005"
"NDR","QRNm","C","r04.8.dow","0.957805907172996","0.0958904109589041","-0.001181"
"NDR","QRNm","Lp","r04.9.dow","1.21468926553672","1.13779527559055","0.002594"
"NDR","QRNm","C","r04.9.dow","1.40522875816993","0.103361945636624","-0.001696"
"NDR","QRNm","Lp","r05.1.dow","1","1.15909090909091","-0.089685"
"NDR","QRNm","C","r05.1.dow","1.52380952380952","0.116438356164384","-0.08432"
"NDR","QRNm","Lp","r05.2.dow","1.16666666666667","1.36538461538462","0.014853"
"NDR","QRNm","C","r05.2.dow","0.329411764705882","0.0257526296699311","0.013425"
"NDR","QRNm","Lp","r05.3.dow","1.03100775193798","1.06153846153846","0.00509899999999999"
"NDR","QRNm","C","r05.3.dow","0.257751937984496","0.0331094049904031","-0.011963"
"NDR","QRNm","Lp","r05.4.dow","0.857142857142857","0.952380952380952","-0.024679"
"NDR","QRNm","C","r05.4.dow","0.58695652173913","0.0489296636085627","-0.034043"
"NDR","QRNm","Lp","r05.5.dow","0.958115183246073","0.973958333333333","0.00744299999999999"
"NDR","QRNm","C","r05.5.dow","0.0858751759737213","0.0206435944140862","-0.000855000000000009"
"NDR","QRNm","Lp","r05.7.dow","1.19230769230769","1.44117647058824","0.008962"
"NDR","QRNm","C","r05.7.dow","3.1","0.255208333333333","0.00584100000000001"
"NDR","QRNm","Lp","r05.8.dow","0.714285714285714","1","-0.056176"
"NDR","QRNm","C","r05.8.dow","1.84210526315789","0.160130718954248","-0.049787"
"NDR","QRNm","Lp","r05.9.dow","0.757575757575758","0.756756756756757","0.029755"
"NDR","QRNm","C","r05.9.dow","1.31578947368421","0.0771349862258953","-0.001384"
"NDR","QRNm","Lp","r06.1.dow","1.17808219178082","1.36585365853659","-0.00761299999999999"
"NDR","QRNm","C","r06.1.dow","0.605633802816901","0.0831477357089829","-0.00443199999999999"
"NDR","QRNm","Lp","r06.4.dow","1.02093596059113","1.15482954545455","-0.005026"
"NDR","QRNm","C","r06.4.dow","0.155214379329714","0.056142531593122","-0.005172"
"NDR","QRNm","Lp","r06.7.dow","1.11111111111111","1.14285714285714","0.009358"
"NDR","QRNm","C","r06.7.dow","1.11111111111111","0.0888888888888889","0.009358"
"NDR","QRNm","Lp","r06.8.dow","1.15384615384615","1.57142857142857","-0.08075"
"NDR","QRNm","C","r06.8.dow","1.07142857142857","0.0555555555555556","0"
"NDR","QRNm","Lp","r06.9.dow","0.922480620155039","1.0327868852459","0.00350499999999999"
"NDR","QRNm","C","r06.9.dow","0.0934065934065934","0.0135717363205515","-0.000850000000000004"
"NDR","QRNm","Lp","r05.6.dow","0.977443609022556","1.1704347826087","-0.000275999999999998"
"NDR","QRNm","C","r05.6.dow","0.0207991680332787","0.0133914358484559","-0.132456"
"NDR","QRNm","Lp","r06.2.dow","0.629781420765027","0.908713692946058","-0.099641"
"NDR","QRNm","C","r06.2.dow","0.0811905600563579","0.017707701637356","-0.099621"
"NDR","QRNm","Lp","r06.3.dow","1.05280528052805","1.05263157894737","-9.00000000000067E-05"
"NDR","QRNm","C","r06.3.dow","0.0721882778909256","0.0183934291060159","1.09999999999971E-05"
"NDR","QRNm","Lp","r06.5.dow","1.02789560716083","1.0327868852459","-9.000000000009E-06"
"NDR","QRNm","C","r06.5.dow","0.285928562857486","0.0254560147771877","-1.686229"
"NDR","QRNm","Lp","r06.6.dow","1.00002","0.957221942627076","-0.747708"
"NDR","QRNm","C","r06.6.dow","1","0.0326131687242798","-3.37838"
"SNIP","RED","Lp","I0;S3;B30","1.06239120974761","1.08156307369525","4.000000000004E-06"
"SNIP","RED","C","I0;S3;B30","1.18592507134617","0.111652588260775","6.10000000000055E-05"
"SNIP","RED","Lp","I0;S3;B40","0.999960001599936","1.1514943789416","-0.72527"
"SNIP","RED","C","I0;S3;B40","1","0.104061353949846","-0.293114"
"SNIP","RED","Lp","I0;S3;B50","1.00001999960001","1.08452510109478","0.233925"
"SNIP","RED","C","I0;S3;B50","0.999960003199744","0.108621779674411","-0.69303"
"SNIP","RED","Lp","I1;S3;B30","0.999980000399992","1.25854898336414","0.03291"
"SNIP","RED","C","I1;S3;B30","1","0.0674868668847259","-1.132587"
"SNIP","RED","Lp","I1;S3;B40","1","1.08025936599424","0.856809"
"SNIP","RED","C","I1;S3;B40","1.00002","0.0794241037376049","0.0711829999999996"
"SNIP","RED","Lp","I1;S3;B50","1.00002","1.05531254409482","-0.377248"
"SNIP","RED","C","I1;S3;B50","1","0.10124269005848","-0.135608"
"SNIP","RED","Lp","I2;S3;B30","1.00002","0.853797386466555","0.0621940000000001"
"SNIP","RED","C","I2;S3;B30","1.00002","0.0861398287385129","-0.915134"
"SNIP","RED","Lp","I2;S3;B40","0.999980000399992","1.10551199261993","-0.519029"
"SNIP","RED","C","I2;S3;B40","0.999980000399992","0.125143588137009","0.0149360000000005"
"SNIP","RED","Lp","I2;S3;B50","1","0.901132991637443","2.714304"
"SNIP","RED","C","I2;S3;B50","0.999980000399992","0.0976754385964912","2.012962"
"SNIP","RED","Lp","I3;S3;B30","0.890402191956161","1.07870442810202","-2.045689"
"SNIP","RED","C","I3;S3;B30","0.970062098267785","0.104989035087719","-1.000000000001E-06"
"SNIP","RED","Lp","I3;S3;B40","1.00002","0.974655819774718","0.750878"
"SNIP","RED","C","I3;S3;B40","1.00002","0.117778281911676","-0.177341999999999"
"SNIP","RED","Lp","I3;S3;B50","0.999980000399992","1.23146493970523","1.162388"
"SNIP","RED","C","I3;S3;B50","1","0.130034427466516","0.469471"
"SNIP","RED","Lp","I4;S3;B30","0.919021619567609","0.924064315633023","-0.507481"
"SNIP","RED","C","I4;S3;B30","0.926432934819862","0.0819552296040648","3.000000000003E-06"
"SNIP","RED","Lp","I4;S3;B40","1","1.03419013651457","0.379395000000001"
"SNIP","RED","C","I4;S3;B40","1.00002","0.0991440294284097","0.679616"
"SNIP","RED","Lp","I4;S3;B50","1.00002","0.932828935227902","0.936764"
"SNIP","RED","C","I4;S3;B50","1","0.113697705802969","0.794751999999999"
"SNIP","RED","Lp","I0;S4;B30","0.661275081985437","1.14210807918673","-0.039185"
"SNIP","RED","C","I0;S4;B30","0.665603670135392","0.109885923729512","-0.039102"
"SNIP","RED","Lp","I0;S4;B40","1.07916767774812","0.758023800937613","-1.09999999999971E-05"
"SNIP","RED","C","I0;S4;B40","1.41660362333267","0.128045808966862","-1.89999999999912E-05"
"SNIP","RED","Lp","I0;S4;B50","1.00008","1.59282486396754","-1.068543"
"SNIP","RED","C","I0;S4;B50","1.00003999840006","0.191287878787879","1.098663"
"SNIP","RED","Lp","I1;S4;B30","1.23164843826978","1.27342487883683","1.245325"
"SNIP","RED","C","I1;S4;B30","1.13152892187924","0.0743491794001132","1.245307"
"SNIP","RED","Lp","I1;S4;B40","1.00002","1.43058121358533","0.601876"
"SNIP","RED","C","I1;S4;B40","1.00002","0.105127401837928","-0.266834"
"SNIP","RED","Lp","I1;S4;B50","1.00002","0.965537247621258","-1.086047"
"SNIP","RED","C","I1;S4;B50","1.00002","0.0935784975258659","3.040951"
"SNIP","RED","Lp","I2;S4;B30","1","0.896066208082545","1.020253"
"SNIP","RED","C","I2;S4;B30","1.00002","0.106917513080948","1.103608"
"SNIP","RED","Lp","I2;S4;B40","0.999980000399992","1.01914460285132","2.362473"
"SNIP","RED","C","I2;S4;B40","1","0.128347183748846","-2.466173"
"SNIP","RED","Lp","I2;S4;B50","1.00012","1.02789246719883","0.571586999999999"
"SNIP","RED","C","I2;S4;B50","1.00009999800004","0.122228768438509","1.318571"
"SNIP","RED","Lp","I3;S4;B30","0.999980000399992","0.865535104155186","-0.328685"
"SNIP","RED","C","I3;S4;B30","1.08358797650781","0.119593689083821","1.022483"
"SNIP","RED","Lp","I3;S4;B40","0.999980000399992","0.998472116119175","0.427108"
"SNIP","RED","C","I3;S4;B40","0.999980000399992","0.122838345864662","-0.0196019999999999"
"SNIP","RED","Lp","I3;S4;B50","1.00004","1.05846071332797","2.689084"
"SNIP","RED","C","I3;S4;B50","1.00001999960001","0.135245339912281","2.87449"
"SNIP","RED","Lp","I4;S4;B30","1.42245439289774","0.995602372673348","3.80000000000102E-05"
"SNIP","RED","C","I4;S4;B30","1.3053651266766","0.129385964912281","0.000171000000000004"
"SNIP","RED","Lp","I4;S4;B40","1","0.650172450200605","1.451994"
"SNIP","RED","C","I4;S4;B40","1.00002","0.102305954279638","0.332483000000001"
"SNIP","RED","Lp","I4;S4;B50","1.00001999880007","1.08213449314152","0.0805629999999997"
"SNIP","RED","C","I4;S4;B50","1.00001999880007","0.124442136041859","2.42144"
"SNIP","RNm","Lp","I0;S3;B30","0.856940818102698","0.84356150013113","-1.70000000000031E-05"
"SNIP","RNm","C","I0;S3;B30","0.95658509927743","0.0870830625947585","3.99999999999984E-05"
"SNIP","RNm","Lp","I0;S3;B40","0.999960001599936","0.998629010145325","-0.393512"
"SNIP","RNm","C","I0;S3;B40","1","0.0902468034493012","0.0386440000000001"
"SNIP","RNm","Lp","I0;S3;B50","0.999980000399992","0.86694940329421","-0.131260999999999"
"SNIP","RNm","C","I0;S3;B50","0.999920006399488","0.0868302513039355","-1.058216"
"SNIP","RNm","Lp","I1;S3;B30","0.999980000399992","0.909195933456562","-0.584376"
"SNIP","RNm","C","I1;S3;B30","1","0.0487535930221033","-1.749873"
"SNIP","RNm","Lp","I1;S3;B40","0.999980000399992","0.90864553314121","-0.0362459999999993"
"SNIP","RNm","C","I1;S3;B40","1","0.0668065090261887","-0.821872"
"SNIP","RNm","Lp","I1;S3;B50","1.00004","0.939889939325526","-0.963948"
"SNIP","RNm","C","I1;S3;B50","1.00001999960001","0.0901694823478449","-0.722308"
"SNIP","RNm","Lp","I2;S3;B30","1","0.784448182171044","0.077974"
"SNIP","RNm","C","I2;S3;B30","1","0.0791431704260652","-0.899354"
"SNIP","RNm","Lp","I2;S3;B40","0.999980000399992","0.723016605166052","0.719941"
"SNIP","RNm","C","I2;S3;B40","0.999980000399992","0.0818452380952381","1.253906"
"SNIP","RNm","Lp","I2;S3;B50","1.00002","0.942810898300513","-0.512072999999999"
"SNIP","RNm","C","I2;S3;B50","1","0.10219298245614","-1.213415"
"SNIP","RNm","Lp","I3;S3;B30","0.999980000399992","1.03395399780942","-0.741291"
"SNIP","RNm","C","I3;S3;B30","1.08944329447652","0.100633528265107","1.304397"
"SNIP","RNm","Lp","I3;S3;B40","1","0.844910304547351","-0.38589"
"SNIP","RNm","C","I3;S3;B40","1","0.102099717685017","-1.31411"
"SNIP","RNm","Lp","I3;S3;B50","1","0.957012058954891","-0.303711"
"SNIP","RNm","C","I3;S3;B50","1.00002","0.101054046406338","-0.996628"
"SNIP","RNm","Lp","I4;S3;B30","0.906041879162417","0.977165247939468","-0.507478"
"SNIP","RNm","C","I4;S3;B30","0.913348521199169","0.0866647493049564","6.000000000006E-06"
"SNIP","RNm","Lp","I4;S3;B40","0.999980000399992","0.864346328864838","0.938302"
"SNIP","RNm","C","I4;S3;B40","1","0.0828617242029806","1.238523"
"SNIP","RNm","Lp","I4;S3;B50","1.00002","0.82146152426647","1.222967"
"SNIP","RNm","C","I4;S3;B50","1","0.100123706702654","1.080955"
"SNIP","RNm","Lp","I0;S4;B30","0.902117725529431","0.924772605671482","-0.000106000000000009"
"SNIP","RNm","C","I0;S4;B30","0.90802282645183","0.0889753727040606","-2.30000000000091E-05"
"SNIP","RNm","Lp","I0;S4;B40","0.701468090269352","0.779516768842409","-2.19999999999942E-05"
"SNIP","RNm","C","I0;S4;B40","0.920804300218993","0.131676413255361","-2.99999999999884E-05"
"SNIP","RNm","Lp","I0;S4;B50","1.00002","1.11177718343632","-0.570974"
"SNIP","RNm","C","I0;S4;B50","0.999980000799968","0.133517189438242","1.596232"
"SNIP","RNm","Lp","I1;S4;B30","1.23164843826978","1.31421647819063","1.002237"
"SNIP","RNm","C","I1;S4;B30","1.13152892187924","0.0767308055083946","1.002219"
"SNIP","RNm","Lp","I1;S4;B40","1","1.08242148642888","0.588884"
"SNIP","RNm","C","I1;S4;B40","1","0.0795426065162907","-0.279826"
"SNIP","RNm","Lp","I1;S4;B50","1.00006","1.06544441865862","-0.561182000000001"
"SNIP","RNm","C","I1;S4;B50","1.00006","0.103261358524516","3.565816"
"SNIP","RNm","Lp","I2;S4;B30","0.999980000399992","0.7518271711092","-0.688165"
"SNIP","RNm","C","I2;S4;B30","1","0.089707089360829","-0.60481"
"SNIP","RNm","Lp","I2;S4;B40","0.999980000399992","0.935234215885947","2.199378"
"SNIP","RNm","C","I2;S4;B40","1","0.117779829691187","-2.629268"
"SNIP","RNm","Lp","I2;S4;B50","1","0.870355078447564","-0.598735000000001"
"SNIP","RNm","C","I2;S4;B50","0.999980000399992","0.103495679497251","0.148249"
"SNIP","RNm","Lp","I3;S4;B30","1","0.914361291744737","-0.292624"
"SNIP","RNm","C","I3;S4;B30","1.08360964826734","0.126340155945419","1.058544"
"SNIP","RNm","Lp","I3;S4;B40","1.00001999960001","0.901281724811137","0.89154"
"SNIP","RNm","C","I3;S4;B40","1.00001999960001","0.110881370091896","0.444830000000001"
"SNIP","RNm","Lp","I3;S4;B50","1.00004","1.04612496647895","2.67186"
"SNIP","RNm","C","I3;S4;B50","1.00001999960001","0.13366913377193","2.857266"
"SNIP","RNm","Lp","I4;S4;B30","1.51908190331836","0.862548578441399","3.40000000000062E-05"
"SNIP","RNm","C","I4;S4;B30","1.39403874813711","0.112094630515683","0.000167"
"SNIP","RNm","Lp","I4;S4;B40","0.999980000399992","0.804814528049553","1.710513"
"SNIP","RNm","C","I4;S4;B40","1","0.12663919900762","0.591002"
"SNIP","RNm","Lp","I4;S4;B50","1.00003999760014","1.06716293074607","0.0926979999999986"
"SNIP","RNm","C","I4;S4;B50","1.00003999760014","0.122720452446907","2.433575"
"SNIP","QRNm","Lp","I0;S3;B30","1.29177545691906","0.785733018620509","-4.000000000004E-06"
"SNIP","QRNm","C","I0;S3;B30","1.44198190539802","0.0811132770197098","5.29999999999975E-05"
"SNIP","QRNm","Lp","I0;S3;B40","0.999960001599936","1.00164518782561","-0.448982"
"SNIP","QRNm","C","I0;S3;B40","1","0.0905193775398949","-0.016826"
"SNIP","QRNm","Lp","I0;S3;B50","1","0.8525495611007","0.256818"
"SNIP","QRNm","C","I0;S3;B50","0.999940004799616","0.0853880195985459","-0.670137"
"SNIP","QRNm","Lp","I1;S3;B30","0.999980000399992","1.04829020332717","1.272226"
"SNIP","QRNm","C","I1;S3;B30","1","0.0562122113192586","0.106729"
"SNIP","QRNm","Lp","I1;S3;B40","0.0138997220055599","0.163688760806916","93.565286"
"SNIP","QRNm","C","I1;S3;B40","0.0139","0.0120349182134079","92.77966"
"SNIP","QRNm","Lp","I1;S3;B50","1","0.82277409341047","0.423192"
"SNIP","QRNm","C","I1;S3;B50","0.999980000399992","0.078933831492311","0.664832000000001"
"SNIP","QRNm","Lp","I2;S3;B30","1","0.765817052658817","0.339355"
"SNIP","QRNm","C","I2;S3;B30","1","0.0772634711779449","-0.637973"
"SNIP","QRNm","Lp","I2;S3;B40","0.999980000399992","0.728436346863469","-0.818756"
"SNIP","QRNm","C","I2;S3;B40","0.999980000399992","0.0824587510442774","-0.284790999999999"
"SNIP","QRNm","Lp","I2;S3;B50","1","0.860803884542757","0.706547"
"SNIP","QRNm","C","I2;S3;B50","0.999980000399992","0.0933040935672515","0.00520500000000013"
"SNIP","QRNm","Lp","I3;S3;B30","0.999980000399992","1.01830699421061","-0.693751"
"SNIP","QRNm","C","I3;S3;B30","1.08944329447652","0.0991106237816764","1.351937"
"SNIP","QRNm","Lp","I3;S3;B40","1","0.836357947434293","-0.56452"
"SNIP","QRNm","C","I3;S3;B40","1","0.101066243194192","-1.49274"
"SNIP","QRNm","Lp","I3;S3;B50","0.999980000399992","0.985484591335418","-1.07632"
"SNIP","QRNm","C","I3;S3;B50","1","0.104060554612337","-1.769237"
"SNIP","QRNm","Lp","I4;S3;B30","0.846643067138657","0.938792055127685","-0.507478"
"SNIP","QRNm","C","I4;S3;B30","0.853470696155319","0.0832614322691976","6.000000000006E-06"
"SNIP","QRNm","Lp","I4;S3;B40","1","0.856106259992621","0.963626000000001"
"SNIP","QRNm","C","I4;S3;B40","1.00002","0.0820717789096397","1.263847"
"SNIP","QRNm","Lp","I4;S3;B50","1","0.821092452482008","1.133836"
"SNIP","QRNm","C","I4;S3;B50","0.999980000399992","0.100078722447143","0.991823999999999"
"SNIP","QRNm","Lp","I0;S4;B30","0.928797732199433","0.919315141787052","-0.000106000000000009"
"SNIP","QRNm","C","I0;S4;B30","0.934877475662974","0.0884502923976608","-2.30000000000091E-05"
"SNIP","QRNm","Lp","I0;S4;B40","0.794892016500849","0.778579156148576","-2.19999999999942E-05"
"SNIP","QRNm","C","I0;S4;B40","1.04344017519411","0.131518031189084","-2.99999999999884E-05"
"SNIP","QRNm","Lp","I0;S4;B50","1","1.14460942543577","-0.718879"
"SNIP","QRNm","C","I0;S4;B50","0.999960001599936","0.137460127591707","1.448327"
"SNIP","QRNm","Lp","I1;S4;B30","1.23167307123855","1.28533925686591","1.067267"
"SNIP","QRNm","C","I1;S4;B30","1.13155155245768","0.0750448028673835","1.067249"
"SNIP","QRNm","Lp","I1;S4;B40","1.00002","1.07730567002984","0.566226"
"SNIP","QRNm","C","I1;S4;B40","1.00002","0.0791666666666667","-0.302484"
"SNIP","QRNm","Lp","I1;S4;B50","1.00002","1.09619401253191","-0.54881"
"SNIP","QRNm","C","I1;S4;B50","1.00002","0.106241565452092","3.578188"
"SNIP","QRNm","Lp","I2;S4;B30","1","0.755696474634566","-1.300493"
"SNIP","QRNm","C","I2;S4;B30","1.00002","0.0901687698779112","-1.217138"
"SNIP","QRNm","Lp","I2;S4;B40","1","0.953054989816701","2.547433"
"SNIP","QRNm","C","I2;S4;B40","1.00002","0.120024109982559","-2.281213"
"SNIP","QRNm","Lp","I2;S4;B50","1","0.788787962198367","0.674804"
"SNIP","QRNm","C","I2;S4;B50","0.999980000399992","0.0937963690320328","1.421788"
"SNIP","QRNm","Lp","I3;S4;B30","0.999980000399992","0.914251074616996","-0.903033"
"SNIP","QRNm","C","I3;S4;B30","1.08358797650781","0.126324926900585","0.448135"
"SNIP","QRNm","Lp","I3;S4;B40","1","0.901791019438078","0.50255"
"SNIP","QRNm","C","I3;S4;B40","1","0.1109440267335","0.0558400000000008"
"SNIP","QRNm","Lp","I3;S4;B50","1.00004","1.05184589255386","2.535789"
"SNIP","QRNm","C","I3;S4;B50","1.00001999960001","0.134400127923977","2.721195"
"SNIP","QRNm","Lp","I4;S4;B30","1.41059925296378","0.864593986500307","3.40000000000062E-05"
"SNIP","QRNm","C","I4;S4;B30","1.29448584202683","0.112360446570973","0.000167"
"SNIP","QRNm","Lp","I4;S4;B40","1","0.779756458084043","2.180847"
"SNIP","QRNm","C","I4;S4;B40","1.00002","0.122696260854156","1.061336"
"SNIP","QRNm","Lp","I4;S4;B50","1","1.01530612244898","0.0660759999999989"
"SNIP","QRNm","C","I4;S4;B50","1","0.116757079101262","2.406953"
"UFLP","RED","Lp","MO1","1.06091370558376","1.19321148825065","0"
"UFLP","RED","C","MO1","1.00480769230769","0.0454726368159204","-0.036097"
"UFLP","RED","Lp","MO2","0.880208333333333","1.04561824729892","0"
"UFLP","RED","C","MO2","1.06289308176101","0.0527878787878788","0"
"UFLP","RED","Lp","MO3","0.975308641975309","1.05210420841683","0.018364"
"UFLP","RED","C","MO3","0.99163179916318","0.0448717948717949","0.057259"
"UFLP","RED","Lp","MO4","1.22727272727273","1.4902807775378","0.005187"
"UFLP","RED","C","MO4","0.686440677966102","0.0766666666666667","0.005222"
"UFLP","RED","Lp","MO5","1.07142857142857","1.14490674318508","0"
"UFLP","RED","C","MO5","1.19205298013245","0.0542857142857143","0"
"UFLP","RED","Lp","MP1","1.11876988335101","1.15004533091568","0.064424"
"UFLP","RED","C","MP1","1.41610738255034","0.0509437751004016","-0.029229"
"UFLP","RED","Lp","MP2","0.953138815207781","1.16397849462366","0"
"UFLP","RED","C","MP2","1.14437367303609","0.0364478114478115","-0.067965"
"UFLP","RED","Lp","MP3","1.3288409703504","1.19843137254902","0"
"UFLP","RED","C","MP3","1.05793991416309","0.0509333333333333","0"
"UFLP","RED","Lp","MP4","1.01544943820225","1.3215811965812","0.052328"
"UFLP","RED","C","MP4","1.22231614539307","0.0352421652421652","0.023717"
"UFLP","RED","Lp","MP5","1.01411432604093","1.15067805123054","0.051017"
"UFLP","RED","C","MP5","0.977551020408163","0.0257995495495495","0.00637"
"UFLP","RED","Lp","MQ1","1.03650793650794","1.04731965585705","0"
"UFLP","RED","C","MQ1","1.27872062663185","0.0423694779116466","-0.090368"
"UFLP","RED","Lp","MQ2","1.1994923857868","1.09716599190283","0"
"UFLP","RED","C","MQ2","1.24828314844163","0.0321574973031284","-0.082604"
"UFLP","RED","Lp","MQ3","0.742290748898678","0.951393852751966","0"
"UFLP","RED","C","MQ3","0.949964763918252","0.0379202279202279","0"
"UFLP","RED","Lp","MQ4","1.05183845690175","0.952042079207921","0"
"UFLP","RED","C","MQ4","0.899948427024239","0.0322536687631027","-0.013976"
"UFLP","RED","Lp","MQ5","0.994543801151864","1.18341463414634","0.0063"
"UFLP","RED","C","MQ5","0.932102272727273","0.0225884543761639","-0.00109100000000001"
"UFLP","RED","Lp","MR1","0.874740222935953","1.15564941921859","-0.00390700000000001"
"UFLP","RED","C","MR1","1.07213152715063","0.0199344262295082","0.018205"
"UFLP","RED","Lp","MR2","1.29388897527601","1.17126953543139","0.081823"
"UFLP","RED","C","MR2","1.21244353781145","0.0282739018087855","0.081823"
"UFLP","RED","Lp","MR3","0.842011494252873","0.966210647766606","0.000131999999999993"
"UFLP","RED","C","MR3","0.944920993227991","0.0196381909547739","-0.000618000000000007"
"UFLP","RED","Lp","MR4","1.03403594673673","1.2485308056872","0.00122299999999999"
"UFLP","RED","C","MR4","0.895676011172028","0.0202334869431644","0.084624"
"UFLP","RED","Lp","MR5","1.02124304267161","1.17398843930636","0.000136999999999998"
"UFLP","RED","C","MR5","1.2310186738231","0.0260384615384615","0.000567999999999999"
"UFLP","RED","Lp","MS1","1.00309727439853","0.992612656981039","-0.255311"
"UFLP","RED","C","MS1","1.0039398424063","0.0191952380952381","-1.053014"
"UFLP","RNm","Lp","MO1","1.04060913705584","1.17624020887728","0"
"UFLP","RNm","C","MO1","0.985576923076923","0.0448258706467662","-0.036097"
"UFLP","RNm","Lp","MO2","1.27604166666667","1.43097238895558","0"
"UFLP","RNm","C","MO2","1.54088050314465","0.0722424242424242","0"
"UFLP","RNm","Lp","MO3","0.921810699588477","1.26953907815631","-0.056281"
"UFLP","RNm","C","MO3","0.937238493723849","0.0541452991452991","-0.017386"
"UFLP","RNm","Lp","MO4","1.25757575757576","1.4341252699784","0.003947"
"UFLP","RNm","C","MO4","0.703389830508475","0.0737777777777778","0.003982"
"UFLP","RNm","Lp","MO5","1.0952380952381","1.21520803443329","0"
"UFLP","RNm","C","MO5","1.21854304635762","0.0576190476190476","0"
"UFLP","RNm","Lp","MP1","1.05302226935313","1.16137805983681","0"
"UFLP","RNm","C","MP1","1.33288590604027","0.0514457831325301","-0.093653"
"UFLP","RNm","Lp","MP2","0.885057471264368","1.05483870967742","0"
"UFLP","RNm","C","MP2","1.06263269639066","0.033030303030303","-0.067965"
"UFLP","RNm","Lp","MP3","1.22911051212938","1.29333333333333","0"
"UFLP","RNm","C","MP3","0.978540772532189","0.0549666666666667","0"
"UFLP","RNm","Lp","MP4","1.22050561797753","1.32745726495726","0.043465"
"UFLP","RNm","C","MP4","1.46914623837701","0.0353988603988604","0.014854"
"UFLP","RNm","Lp","MP5","1.16796047988709","1.25765946760422","0.034404"
"UFLP","RNm","C","MP5","1.12585034013605","0.0281981981981982","-0.010243"
"UFLP","RNm","Lp","MQ1","0.928571428571429","1.04566512243547","0"
"UFLP","RNm","C","MQ1","1.14556135770235","0.0423025435073628","-0.090368"
"UFLP","RNm","Lp","MQ2","1.05279187817259","1.04858299595142","0.049089"
"UFLP","RNm","C","MQ2","1.09561542525092","0.0307335490830636","-0.033515"
"UFLP","RNm","Lp","MQ3","0.806718061674009","1.19871336669049","0"
"UFLP","RNm","C","MQ3","1.03241719520789","0.0477777777777778","0"
"UFLP","RNm","Lp","MQ4","1.00060277275467","1.0210396039604","0"
"UFLP","RNm","C","MQ4","0.856111397627643","0.0345911949685535","-0.013976"
"UFLP","RNm","Lp","MQ5","1.11336768717793","1.36520325203252","0.00421200000000001"
"UFLP","RNm","C","MQ5","1.04346590909091","0.0260583488516449","-0.003179"
"UFLP","RNm","Lp","MR1","0.904213111656905","1.42407602956705","0.00156099999999999"
"UFLP","RNm","C","MR1","1.10825518119717","0.0245646630236794","0.023673"
"UFLP","RNm","Lp","MR2","1.67516715907324","1.44465853136373","0.053411"
"UFLP","RNm","C","MR2","1.56972169605129","0.0348733850129199","0.053411"
"UFLP","RNm","Lp","MR3","0.955862068965517","1.22647107301797","-0.000695000000000001"
"UFLP","RNm","C","MR3","1.07268623024831","0.02492797319933","-0.001445"
"UFLP","RNm","Lp","MR4","1.03845464859378","1.300663507109","-0.05019"
"UFLP","RNm","C","MR4","0.899503465397745","0.0210783410138249","0.033211"
"UFLP","RNm","Lp","MR5","1.02894248608534","1.14354527938343","-0.00126800000000001"
"UFLP","RNm","C","MR5","1.24029967572403","0.0253632478632479","-0.000837000000000004"
"UFLP","RNm","Lp","MS1","0.965590280553113","1.0934909299844","-2.037874"
"UFLP","RNm","C","MS1","0.966401343946242","0.0211460317460317","-2.835577"
"UFLP","QRNm","Lp","MO1","1.12690355329949","1.17754569190601","0"
"UFLP","QRNm","C","MO1","1.06730769230769","0.0448756218905473","-0.036097"
"UFLP","QRNm","Lp","MO2","1.40625","1.25090036014406","0"
"UFLP","QRNm","C","MO2","1.69811320754717","0.0631515151515152","0"
"UFLP","QRNm","Lp","MO3","0.967078189300411","1.11523046092184","-0.057748"
"UFLP","QRNm","C","MO3","0.98326359832636","0.0475641025641026","-0.018853"
"UFLP","QRNm","Lp","MO4","1.36363636363636","1.41036717062635","0.007975"
"UFLP","QRNm","C","MO4","0.76271186440678","0.0725555555555556","0.00801"
"UFLP","QRNm","Lp","MO5","0.940476190476191","1.11190817790531","0"
"UFLP","QRNm","C","MO5","1.04635761589404","0.0527210884353742","0"
"UFLP","QRNm","Lp","MP1","0.940615058324496","1.05213055303717","0"
"UFLP","QRNm","C","MP1","1.19060402684564","0.0466064257028112","-0.093653"
"UFLP","QRNm","Lp","MP2","0.972590627763042","0.991935483870968","0"
"UFLP","QRNm","C","MP2","1.16772823779193","0.0310606060606061","-0.067965"
"UFLP","QRNm","Lp","MP3","1.35040431266846","1.01882352941176","0"
"UFLP","QRNm","C","MP3","1.07510729613734","0.0433","0"
"UFLP","QRNm","Lp","MP4","0.941713483146067","1.13247863247863","-0.038429"
"UFLP","QRNm","C","MP4","1.13355874894336","0.0301994301994302","-0.06704"
"UFLP","QRNm","Lp","MP5","1.00423429781228","1.07684580612757","0.038622"
"UFLP","QRNm","C","MP5","0.968027210884354","0.0241441441441441","-0.006025"
"UFLP","QRNm","Lp","MQ1","0.942857142857143","0.813037723362012","0"
"UFLP","QRNm","C","MQ1","1.16318537859008","0.0328915662650602","-0.090368"
"UFLP","QRNm","Lp","MQ2","1.10406091370558","1.03312476996688","0"
"UFLP","QRNm","C","MQ2","1.14896988906498","0.0302804746494067","-0.082604"
"UFLP","QRNm","Lp","MQ3","0.85352422907489","0.825589706933524","0"
"UFLP","QRNm","C","MQ3","1.092318534179","0.0329059829059829","0"
"UFLP","QRNm","Lp","MQ4","0.998191681735985","0.91924504950495","0"
"UFLP","QRNm","C","MQ4","0.854048478597215","0.0311425576519916","-0.013976"
"UFLP","QRNm","Lp","MQ5","1.2067293119127","1.07934959349593","0.003563"
"UFLP","QRNm","C","MQ5","1.13096590909091","0.0206021104903786","-0.00382800000000001"
"UFLP","QRNm","Lp","MR1","0.980445871906291","1.19366420274551","-0.00664300000000001"
"UFLP","QRNm","C","MR1","1.20169040175987","0.0205901639344262","0.015469"
"UFLP","QRNm","Lp","MR2","1.02348001865962","1.11068293727253","0"
"UFLP","QRNm","C","MR2","0.959055806498616","0.0268113695090439","0"
"UFLP","QRNm","Lp","MR3","1.01833333333333","0.95862864677765","-0.003763"
"UFLP","QRNm","C","MR3","1.14279264753305","0.0194840871021776","-0.004513"
"UFLP","QRNm","Lp","MR4","1.0748790828208","1.27658767772512","0.002939"
"UFLP","QRNm","C","MR4","0.931054101582704","0.0206881720430108","0.08634"
"UFLP","QRNm","Lp","MR5","1.09944341372913","1.21329479768786","0.00157499999999999"
"UFLP","QRNm","C","MR5","1.32528234373253","0.0269102564102564","0.00200599999999999"
"UFLP","QRNm","Lp","MS1","0.952162097354328","0.983583682180087","-2.037883"
"UFLP","QRNm","C","MS1","0.952961881524739","0.0190206349206349","-2.835586"
